-- ============================================================
-- HOSPITAL MANAGEMENT SYSTEM — SAMPLE DATA
-- ============================================================
USE hospital_management;

-- Departments
INSERT INTO departments (department_name, floor_number) VALUES
('Cardiology', 3),
('Orthopedics', 2),
('Pediatrics', 1),
('Neurology', 4),
('General Medicine', 1),
('Dermatology', 2),
('ENT', 2),
('Gynecology', 3);

-- Doctors
INSERT INTO doctors (doctor_id, first_name, last_name, specialization, department_id, phone, email, years_experience, consultation_fee, joining_date) VALUES
(1, 'Isaac', 'Bakshi', 'Cardiologist', 1, '+918477278577', 'dr.isaac.bakshi1@hospital.in', 5, 400, '2021-11-01'),
(2, 'Yash', 'Kapoor', 'Cardiologist', 1, '+919592983555', 'dr.yash.kapoor2@hospital.in', 25, 600, '2013-05-29'),
(3, 'Harsh', 'Chahal', 'Cardiologist', 1, '+918136108454', 'dr.harsh.chahal3@hospital.in', 9, 500, '2019-09-21'),
(4, 'Azad', 'Balan', 'Cardiologist', 1, '+917186618211', 'dr.azad.balan4@hospital.in', 6, 1000, '2012-10-07'),
(5, 'Viraj', 'Tiwari', 'Orthopedic Surgeon', 2, '+918973214822', 'dr.viraj.tiwari5@hospital.in', 23, 1000, '2019-11-19'),
(6, 'Rushil', 'Saini', 'Orthopedic Surgeon', 2, '+919303082117', 'dr.rushil.saini6@hospital.in', 19, 400, '2014-07-17'),
(7, 'Arunima', 'Ahuja', 'Pediatrician', 3, '+917536124280', 'dr.arunima.ahuja7@hospital.in', 15, 400, '2022-01-28'),
(8, 'Nathaniel', 'Sami', 'Pediatrician', 3, '+918625792787', 'dr.nathaniel.sami8@hospital.in', 2, 400, '2016-03-20'),
(9, 'Nachiket', 'Kale', 'Pediatrician', 3, '+917338444264', 'dr.nachiket.kale9@hospital.in', 8, 500, '2024-11-08'),
(10, 'Gayathri', 'Chaudry', 'Pediatrician', 3, '+919370996465', 'dr.gayathri.chaudry10@hospital.in', 18, 800, '2012-10-02'),
(11, 'Gunbir', 'Parmer', 'Neurologist', 4, '+918259191105', 'dr.gunbir.parmer11@hospital.in', 19, 500, '2023-04-27'),
(12, 'Aishani', 'Bassi', 'Neurologist', 4, '+919699987374', 'dr.aishani.bassi12@hospital.in', 24, 1000, '2021-09-02'),
(13, 'Jeet', 'Radhakrishnan', 'General Physician', 5, '+919656522106', 'dr.jeet.radhakrishnan13@hospital.in', 19, 700, '2012-07-22'),
(14, 'Chaaya', 'Pathak', 'General Physician', 5, '+918553210608', 'dr.chaaya.pathak14@hospital.in', 9, 700, '2019-07-16'),
(15, 'Ekaraj', 'Bath', 'General Physician', 5, '+919479708607', 'dr.ekaraj.bath15@hospital.in', 20, 600, '2020-09-17'),
(16, 'Bimala', 'Buch', 'General Physician', 5, '+917825873196', 'dr.bimala.buch16@hospital.in', 2, 1200, '2023-06-06'),
(17, 'Harrison', 'Rai', 'Dermatologist', 6, '+917298737106', 'dr.harrison.rai17@hospital.in', 24, 700, '2015-05-07'),
(18, 'Janya', 'Gaba', 'Dermatologist', 6, '+917196814233', 'dr.janya.gaba18@hospital.in', 12, 600, '2016-08-20'),
(19, 'Shaurya', 'Loke', 'ENT Specialist', 7, '+919840104345', 'dr.shaurya.loke19@hospital.in', 8, 1200, '2021-04-12'),
(20, 'Ekbal', 'Garg', 'ENT Specialist', 7, '+917978815630', 'dr.ekbal.garg20@hospital.in', 12, 400, '2018-12-07'),
(21, 'Yash', 'Gade', 'Gynecologist', 8, '+918242911821', 'dr.yash.gade21@hospital.in', 14, 400, '2017-12-04'),
(22, 'Anamika', 'Kanda', 'Gynecologist', 8, '+917342703921', 'dr.anamika.kanda22@hospital.in', 13, 1200, '2021-01-14');

-- Assign department heads
UPDATE departments SET head_doctor_id = 2 WHERE department_id = 1;
UPDATE departments SET head_doctor_id = 5 WHERE department_id = 2;
UPDATE departments SET head_doctor_id = 10 WHERE department_id = 3;
UPDATE departments SET head_doctor_id = 12 WHERE department_id = 4;
UPDATE departments SET head_doctor_id = 15 WHERE department_id = 5;
UPDATE departments SET head_doctor_id = 17 WHERE department_id = 6;
UPDATE departments SET head_doctor_id = 20 WHERE department_id = 7;
UPDATE departments SET head_doctor_id = 21 WHERE department_id = 8;

-- Patients
INSERT INTO patients (patient_id, first_name, last_name, date_of_birth, gender, phone, email, address, city, blood_group, registration_date) VALUES
(1, 'Daksh', 'Karnik', '2010-04-23', 'Female', '+917433797840', 'daksh.karnik1@gmail.com', '41
Murty Ganj', 'Hyderabad', 'O+', '2024-02-04'),
(2, 'Xalak', 'Randhawa', '2015-08-27', 'Male', '+918566942273', 'xalak.randhawa2@gmail.com', '423
Yohannan Circle', 'Mumbai', 'O-', '2024-03-29'),
(3, 'Priya', 'Rastogi', '1971-03-24', 'Male', '+919878380452', 'priya.rastogi3@gmail.com', '71/01, Dutta Street', 'Nashik', 'A-', '2025-10-31'),
(4, 'Pahal', 'Bhatt', '1973-02-28', 'Female', '+917735034881', 'pahal.bhatt4@gmail.com', '48/01
Loke Circle', 'Nagpur', 'B+', '2025-10-05'),
(5, 'Harini', 'Choudhury', '1965-05-28', 'Male', '+918159417075', 'harini.choudhury5@gmail.com', '04, Gokhale Circle', 'Nagpur', 'O-', '2024-12-23'),
(6, 'Hitesh', 'Misra', '2011-12-31', 'Female', '+917240251661', 'hitesh.misra6@gmail.com', '528, Acharya Circle', 'Nagpur', 'A+', '2025-04-02'),
(7, 'Vrinda', 'Bahl', '1949-12-19', 'Female', '+918722989659', 'vrinda.bahl7@gmail.com', 'H.No. 30
Brar Ganj', 'Nashik', 'A-', '2023-09-17'),
(8, 'Vedika', 'Biswas', '2023-08-02', 'Male', '+919436019774', 'vedika.biswas8@gmail.com', '782, Wable Road', 'Aurangabad', 'B-', '2026-01-27'),
(9, 'Pallavi', 'Kakar', '2019-06-01', 'Female', '+918699226064', 'pallavi.kakar9@gmail.com', '46/578, Dara Chowk', 'Bengaluru', 'B+', '2024-03-13'),
(10, 'Devansh', 'Nigam', '1942-03-31', 'Male', '+918059257080', 'devansh.nigam10@gmail.com', '30/10, Bir Ganj', 'Nashik', 'AB+', '2026-03-04'),
(11, 'Ganga', 'Bobal', '1984-02-28', 'Female', '+918715412119', 'ganga.bobal11@gmail.com', '73/829
Solanki', 'Aurangabad', 'B-', '2024-03-08'),
(12, 'Urvashi', 'Ray', '1956-08-22', 'Other', '+917594130308', 'urvashi.ray12@gmail.com', '65/667, Chaudhari Nagar', 'Bengaluru', 'A-', '2023-08-21'),
(13, 'Harinakshi', 'Chopra', '1961-08-04', 'Female', '+917470939445', 'harinakshi.chopra13@gmail.com', '72/62, Shere Road', 'Mumbai', 'B+', '2024-03-15'),
(14, 'Faqid', 'Savant', '2009-02-19', 'Female', '+918813163240', 'faqid.savant14@gmail.com', 'H.No. 801, Ganesan Ganj', 'Pune', 'AB+', '2024-09-03'),
(15, 'Vasana', 'Kala', '2013-12-13', 'Male', '+919010258946', 'vasana.kala15@gmail.com', '606, Sha Road', 'Nashik', 'A+', '2024-04-23'),
(16, 'Vidhi', 'Dubey', '1956-08-06', 'Female', '+917491995979', 'vidhi.dubey16@gmail.com', 'H.No. 980, Bhandari Path', 'Nashik', 'O-', '2023-08-09'),
(17, 'Vansha', 'Thakkar', '2018-08-09', 'Male', '+918867302554', 'vansha.thakkar17@gmail.com', 'H.No. 812, Bir Zila', 'Mumbai', 'AB-', '2025-06-25'),
(18, 'Wahab', 'Raval', '1950-08-24', 'Male', '+918131247330', 'wahab.raval18@gmail.com', '90/91, Virk Marg', 'Mumbai', 'A-', '2024-05-27'),
(19, 'Advika', 'Jayaraman', '1997-05-20', 'Female', '+918281810600', 'advika.jayaraman19@gmail.com', '462
Shankar Road', 'Nagpur', 'B+', '2024-05-27'),
(20, 'Elijah', 'Andra', '1979-05-30', 'Male', '+917693847829', 'elijah.andra20@gmail.com', 'H.No. 838, Deo Road', 'Akola', 'O-', '2026-04-03'),
(21, 'Ekapad', 'Konda', '1971-11-13', 'Female', '+917480468219', 'ekapad.konda21@gmail.com', '84, Wadhwa', 'Aurangabad', 'O+', '2023-06-24'),
(22, 'Chandani', 'Chawla', '2020-04-07', 'Male', '+918034535593', 'chandani.chawla22@gmail.com', 'H.No. 11, Dugal Circle', 'Pune', 'A-', '2024-04-09'),
(23, 'Shivansh', 'Oza', '1957-10-05', 'Female', '+917297265480', 'shivansh.oza23@gmail.com', '74/01
Malhotra Marg', 'Mumbai', 'B+', '2023-08-03'),
(24, 'Gauri', 'De', '1994-08-11', 'Female', '+919361388464', 'gauri.de24@gmail.com', '786
Andra Circle', 'Mumbai', 'O+', '2023-10-16'),
(25, 'Manthan', 'Banik', '2011-05-25', 'Female', '+919605301030', 'manthan.banik25@gmail.com', '20, Patla Road', 'Hyderabad', 'B-', '2026-02-25'),
(26, 'Balveer', 'Parmar', '1958-04-25', 'Female', '+919962958940', 'balveer.parmar26@gmail.com', '15/869, Khalsa Street', 'Nagpur', 'O+', '2026-01-18'),
(27, 'Peter', 'Sachar', '1942-07-25', 'Male', '+919884873529', 'peter.sachar27@gmail.com', '34
Chokshi Street', 'Aurangabad', 'AB-', '2024-08-08'),
(28, 'Balvan', 'Singhal', '1959-05-13', 'Female', '+918939118223', 'balvan.singhal28@gmail.com', 'H.No. 43
Bajwa Ganj', 'Pune', 'B-', '2025-06-08'),
(29, 'Mohini', 'Narasimhan', '1964-02-20', 'Male', '+918452066459', 'mohini.narasimhan29@gmail.com', 'H.No. 58, Yadav Marg', 'Akola', 'B-', '2024-06-12'),
(30, 'Ayaan', 'D’Alia', '2015-01-02', 'Female', '+917030884438', 'ayaan.d’alia30@gmail.com', '940
Saraf Zila', 'Pune', 'A+', '2024-06-28'),
(31, 'Dipta', 'Sarin', '1991-12-26', 'Male', '+917134917627', 'dipta.sarin31@gmail.com', '93, Basu Road', 'Aurangabad', 'A-', '2025-07-31'),
(32, 'Aarav', 'Venkatesh', '2019-02-17', 'Female', '+918196050747', 'aarav.venkatesh32@gmail.com', 'H.No. 61, Murthy Path', 'Bengaluru', 'B-', '2025-06-12'),
(33, 'Jeet', 'Mital', '1983-07-25', 'Female', '+919452611418', 'jeet.mital33@gmail.com', 'H.No. 64
Datta Circle', 'Bengaluru', 'B-', '2024-01-12'),
(34, 'Ladli', 'Ghosh', '1992-10-10', 'Female', '+918748309234', 'ladli.ghosh34@gmail.com', '80
Mangat Road', 'Nagpur', 'A-', '2024-02-01'),
(35, 'Ekanta', 'Shroff', '1978-01-03', 'Male', '+918851350739', 'ekanta.shroff35@gmail.com', '72/14, Nayak Circle', 'Aurangabad', 'AB+', '2023-09-26'),
(36, 'Wahab', 'Mukherjee', '1959-07-21', 'Male', '+917232663462', 'wahab.mukherjee36@gmail.com', '003, Bora Chowk', 'Pune', 'A+', '2024-10-27'),
(37, 'Robert', 'Rajagopalan', '1982-06-24', 'Male', '+918457293575', 'robert.rajagopalan37@gmail.com', '016, Goda Ganj', 'Pune', 'B-', '2025-11-13'),
(38, 'Zarna', 'Shetty', '1944-09-22', 'Male', '+919303329764', 'zarna.shetty38@gmail.com', 'H.No. 727, Nadig Circle', 'Bengaluru', 'B+', '2026-04-22'),
(39, 'Saanvi', 'Thaman', '1976-09-23', 'Male', '+918196342297', 'saanvi.thaman39@gmail.com', '774
Malhotra Ganj', 'Bengaluru', 'B-', '2025-10-02'),
(40, 'Vedhika', 'Khare', '1963-10-19', 'Female', '+917323775634', 'vedhika.khare40@gmail.com', '43/455, Buch Circle', 'Bengaluru', 'A-', '2023-11-14'),
(41, 'Vihaan', 'Rajagopal', '1999-06-11', 'Male', '+919321807489', 'vihaan.rajagopal41@gmail.com', 'H.No. 665, Shukla Circle', 'Akola', 'A-', '2024-09-13'),
(42, 'Samuel', 'Salvi', '1973-07-24', 'Female', '+918015242176', 'samuel.salvi42@gmail.com', '67/05, Ramakrishnan Road', 'Mumbai', 'AB+', '2026-01-06'),
(43, 'Oni', 'Yohannan', '2003-12-30', 'Female', '+917918037633', 'oni.yohannan43@gmail.com', '34, Sunder Marg', 'Hyderabad', 'A+', '2023-07-17'),
(44, 'Gayathri', 'Ravel', '2002-01-04', 'Male', '+917009257255', 'gayathri.ravel44@gmail.com', '980
Bala Marg', 'Hyderabad', 'O+', '2023-09-16'),
(45, 'Priya', 'Deshmukh', '2014-02-20', 'Female', '+918954246074', 'priya.deshmukh45@gmail.com', 'H.No. 465, Sha Ganj', 'Nashik', 'AB+', '2024-06-08'),
(46, 'Ladli', 'Mall', '2004-05-17', 'Female', '+919387006772', 'ladli.mall46@gmail.com', 'H.No. 17
Zacharia Nagar', 'Bengaluru', 'B+', '2023-08-12'),
(47, 'Inaya', 'Kapur', '1995-09-20', 'Male', '+917935018220', 'inaya.kapur47@gmail.com', 'H.No. 330, Dua', 'Akola', 'A+', '2024-03-03'),
(48, 'Urvashi', 'Contractor', '1988-05-23', 'Female', '+917245522987', 'urvashi.contractor48@gmail.com', '45, Contractor Street', 'Akola', 'AB-', '2025-10-15'),
(49, 'Nihal', 'Mukhopadhyay', '1949-08-24', 'Female', '+919281169403', 'nihal.mukhopadhyay49@gmail.com', 'H.No. 96, Issac Marg', 'Mumbai', 'A+', '2023-09-07'),
(50, 'Xavier', 'Chaudry', '1999-09-20', 'Other', '+917344076115', 'xavier.chaudry50@gmail.com', '91/905
Sangha Circle', 'Mumbai', 'A-', '2025-06-10'),
(51, 'Ekapad', 'Toor', '1995-07-01', 'Female', '+919900015820', 'ekapad.toor51@gmail.com', '71, Pathak Marg', 'Nagpur', 'AB+', '2025-05-12'),
(52, 'Tripti', 'Dua', '1977-06-22', 'Male', '+919446737272', 'tripti.dua52@gmail.com', '87/76
Loyal', 'Nagpur', 'A+', '2024-06-03'),
(53, 'Yatan', 'Chadha', '1964-03-01', 'Female', '+918800557283', 'yatan.chadha53@gmail.com', '799
Nayar Marg', 'Aurangabad', 'O+', '2023-07-17'),
(54, 'Ekta', 'Gopal', '1981-11-24', 'Male', '+918349409434', 'ekta.gopal54@gmail.com', 'H.No. 54
Majumdar', 'Nagpur', 'O+', '2025-02-14'),
(55, 'Zansi', 'Halder', '1947-09-25', 'Male', '+919884887548', 'zansi.halder55@gmail.com', '83
Swaminathan Chowk', 'Nashik', 'AB-', '2024-10-19'),
(56, 'Anay', 'Chander', '1965-06-19', 'Male', '+917311570307', 'anay.chander56@gmail.com', '34/957
Wali Circle', 'Akola', 'AB-', '2024-06-26'),
(57, 'Ganga', 'Pandey', '2000-03-13', 'Female', '+919418039268', 'ganga.pandey57@gmail.com', 'H.No. 43
Hans Zila', 'Pune', 'A-', '2024-05-26'),
(58, 'Qasim', 'Handa', '1958-11-06', 'Female', '+919172758220', 'qasim.handa58@gmail.com', 'H.No. 98
Mandal', 'Nashik', 'B+', '2026-05-25'),
(59, 'Rishi', 'Minhas', '1959-10-17', 'Female', '+917295456419', 'rishi.minhas59@gmail.com', 'H.No. 08, Mahal Street', 'Nagpur', 'O-', '2023-08-04'),
(60, 'Chatura', 'Master', '1999-09-27', 'Male', '+918881988384', 'chatura.master60@gmail.com', '71/094, Srinivas Chowk', 'Nashik', 'A+', '2024-10-10'),
(61, 'Qarin', 'Behl', '1961-12-01', 'Female', '+919381998678', 'qarin.behl61@gmail.com', 'H.No. 167
Bera Zila', 'Nashik', 'A-', '2023-11-29'),
(62, 'Daksha', 'Chada', '2024-12-09', 'Female', '+917576775951', 'daksha.chada62@gmail.com', '69/99, Virk Ganj', 'Nashik', 'A-', '2024-08-05'),
(63, 'Saanvi', 'Mishra', '2013-07-27', 'Female', '+919376077463', 'saanvi.mishra63@gmail.com', 'H.No. 99
Chaudhary Nagar', 'Mumbai', 'O+', '2026-04-19'),
(64, 'Sarthak', 'Kakar', '1962-12-14', 'Male', '+917904647469', 'sarthak.kakar64@gmail.com', '328, Dugar Zila', 'Aurangabad', 'B-', '2023-06-18'),
(65, 'Shravya', 'Singhal', '1965-03-19', 'Female', '+918133802214', 'shravya.singhal65@gmail.com', 'H.No. 47, Kaur Zila', 'Bengaluru', 'O+', '2026-03-24'),
(66, 'Rudra', 'Sandal', '1950-03-19', 'Female', '+917218179599', 'rudra.sandal66@gmail.com', '24/210, Mohanty Street', 'Pune', 'AB+', '2025-03-29'),
(67, 'Bhavya', 'Sarna', '1951-01-10', 'Female', '+917189351213', 'bhavya.sarna67@gmail.com', '64/887
Buch Chowk', 'Akola', 'O-', '2025-04-01'),
(68, 'Rachana', 'Naidu', '1991-10-09', 'Female', '+919736381108', 'rachana.naidu68@gmail.com', 'H.No. 399, Luthra Nagar', 'Nashik', 'B+', '2025-03-08'),
(69, 'Parth', 'Singhal', '1984-07-26', 'Female', '+919369449369', 'parth.singhal69@gmail.com', 'H.No. 29
Swamy Marg', 'Hyderabad', 'A+', '2026-05-13'),
(70, 'Upma', 'Pall', '1975-03-02', 'Male', '+919967906665', 'upma.pall70@gmail.com', '12/567
Rattan Road', 'Mumbai', 'A+', '2025-11-23'),
(71, 'Balhaar', 'Sha', '1947-12-10', 'Female', '+919501859536', 'balhaar.sha71@gmail.com', 'H.No. 16
Agarwal Circle', 'Mumbai', 'AB+', '2025-06-05'),
(72, 'Turvi', 'Sachdev', '1945-01-23', 'Male', '+918323959527', 'turvi.sachdev72@gmail.com', '77/03
Deep Road', 'Aurangabad', 'A+', '2026-03-28'),
(73, 'Raksha', 'Sundaram', '1950-10-11', 'Female', '+917902271852', 'raksha.sundaram73@gmail.com', '24/808, Chander Marg', 'Nagpur', 'A-', '2024-02-17'),
(74, 'Ishaan', 'Shenoy', '2020-12-15', 'Male', '+919404681399', 'ishaan.shenoy74@gmail.com', '48, Sagar Road', 'Hyderabad', 'B+', '2025-12-16'),
(75, 'Urmi', 'Kohli', '1979-04-14', 'Female', '+918016779084', 'urmi.kohli75@gmail.com', '39, Deshpande Circle', 'Mumbai', 'B+', '2026-01-17'),
(76, 'Anya', 'Sachdeva', '1969-05-06', 'Female', '+917106456634', 'anya.sachdeva76@gmail.com', 'H.No. 449
Suri', 'Mumbai', 'O-', '2026-01-19'),
(77, 'Sanya', 'Yohannan', '1981-08-16', 'Female', '+918768294570', 'sanya.yohannan77@gmail.com', '86/75
Khare Ganj', 'Nagpur', 'O+', '2025-03-03'),
(78, 'Vivaan', 'Roy', '1944-03-02', 'Male', '+917464267175', 'vivaan.roy78@gmail.com', '66/270
Thakkar Street', 'Hyderabad', 'A+', '2026-05-09'),
(79, 'Garima', 'Chaudhry', '2014-10-06', 'Female', '+917955345537', 'garima.chaudhry79@gmail.com', 'H.No. 870
Rout Street', 'Nagpur', 'AB-', '2026-01-25'),
(80, 'Mohammed', 'Borde', '1980-05-12', 'Male', '+917977515194', 'mohammed.borde80@gmail.com', 'H.No. 96
Narasimhan Zila', 'Nagpur', 'A+', '2026-01-05'),
(81, 'Lajita', 'Nadig', '1993-09-25', 'Female', '+918711398352', 'lajita.nadig81@gmail.com', '09/13
Karan Road', 'Aurangabad', 'O+', '2025-09-11'),
(82, 'Radha', 'Chaudhari', '2005-02-01', 'Female', '+918198832728', 'radha.chaudhari82@gmail.com', '24, Batra Nagar', 'Aurangabad', 'AB+', '2024-06-05'),
(83, 'Daksh', 'Memon', '1970-12-04', 'Female', '+919303029031', 'daksh.memon83@gmail.com', '386
Gole', 'Aurangabad', 'A+', '2023-12-19'),
(84, 'Farhan', 'Raja', '1993-02-17', 'Male', '+918121910732', 'farhan.raja84@gmail.com', '92, Shenoy Ganj', 'Mumbai', 'O+', '2025-05-15'),
(85, 'Tripti', 'Kumer', '1997-02-19', 'Male', '+919562254028', 'tripti.kumer85@gmail.com', 'H.No. 82
Sathe Zila', 'Hyderabad', 'O-', '2026-04-16'),
(86, 'Chandani', 'Samra', '1999-02-18', 'Female', '+918347233823', 'chandani.samra86@gmail.com', 'H.No. 36
Chhabra Chowk', 'Hyderabad', 'A-', '2024-03-01'),
(87, 'Jagrati', 'Merchant', '2024-11-01', 'Male', '+919476426797', 'jagrati.merchant87@gmail.com', 'H.No. 640
Bawa', 'Nagpur', 'O+', '2026-03-10'),
(88, 'Watika', 'Mangat', '2006-05-24', 'Male', '+918872852789', 'watika.mangat88@gmail.com', '53/39, Devan Road', 'Akola', 'B-', '2025-05-04'),
(89, 'Balveer', 'More', '2007-06-28', 'Male', '+917300535210', 'balveer.more89@gmail.com', '52/14, Sagar Path', 'Aurangabad', 'O-', '2023-12-25'),
(90, 'Kevin', 'Zacharia', '2014-12-15', 'Female', '+917535261654', 'kevin.zacharia90@gmail.com', '84/24
Merchant Chowk', 'Nashik', 'O+', '2025-09-11'),
(91, 'Hamsini', 'Contractor', '1980-04-06', 'Female', '+918400944900', 'hamsini.contractor91@gmail.com', '368, Chana Path', 'Hyderabad', 'O+', '2025-10-29'),
(92, 'Akshay', 'Lalla', '1986-01-24', 'Female', '+917823946934', 'akshay.lalla92@gmail.com', 'H.No. 49
Prabhu Marg', 'Hyderabad', 'AB+', '2023-10-12'),
(93, 'Vivaan', 'Sinha', '1942-08-01', 'Female', '+917747441732', 'vivaan.sinha93@gmail.com', '31/74
Dada Marg', 'Nashik', 'AB+', '2023-11-16'),
(94, 'Baljiwan', 'Modi', '2025-02-09', 'Female', '+917001743499', 'baljiwan.modi94@gmail.com', 'H.No. 382, Setty Marg', 'Nashik', 'O+', '2024-07-26'),
(95, 'Oni', 'Dubey', '2015-09-19', 'Male', '+919491015654', 'oni.dubey95@gmail.com', '96, Bali Road', 'Aurangabad', 'AB-', '2025-07-11'),
(96, 'Teerth', 'Sawhney', '1978-04-04', 'Male', '+919901796894', 'teerth.sawhney96@gmail.com', 'H.No. 15, Parmer Circle', 'Nagpur', 'AB-', '2023-08-21'),
(97, 'Anya', 'Gupta', '2022-10-02', 'Female', '+917728818981', 'anya.gupta97@gmail.com', 'H.No. 390
Nath Nagar', 'Pune', 'O+', '2024-03-08'),
(98, 'Jeremiah', 'Jha', '1946-04-16', 'Female', '+919718460279', 'jeremiah.jha98@gmail.com', '33/52, Agate', 'Aurangabad', 'A-', '2024-04-14'),
(99, 'Maanav', 'De', '1986-05-17', 'Female', '+918008752943', 'maanav.de99@gmail.com', 'H.No. 020, Khanna Path', 'Nashik', 'B-', '2025-03-22'),
(100, 'Amol', 'Ghosh', '1963-01-05', 'Female', '+917632880459', 'amol.ghosh100@gmail.com', '68/117, Pathak Chowk', 'Akola', 'A+', '2024-12-29'),
(101, 'Ikbal', 'Seth', '1983-04-14', 'Male', '+919040695043', 'ikbal.seth101@gmail.com', '84/700, Ratti Chowk', 'Pune', 'AB-', '2024-09-25'),
(102, 'Hritik', 'Swaminathan', '2001-01-04', 'Male', '+919704821724', 'hritik.swaminathan102@gmail.com', 'H.No. 159
Bhatti Street', 'Nagpur', 'AB+', '2023-11-01'),
(103, 'Ekta', 'Raj', '2024-12-31', 'Female', '+918047905204', 'ekta.raj103@gmail.com', '89
Chaudhary Marg', 'Mumbai', 'A+', '2025-11-01'),
(104, 'Ishwar', 'Kale', '1977-01-04', 'Female', '+917457788949', 'ishwar.kale104@gmail.com', '57, Sagar Marg', 'Hyderabad', 'B-', '2025-08-23'),
(105, 'Dhriti', 'Sane', '1967-01-08', 'Male', '+919988918316', 'dhriti.sane105@gmail.com', 'H.No. 27
Chand Zila', 'Bengaluru', 'A+', '2025-12-13'),
(106, 'Girik', 'Sankaran', '1948-08-30', 'Female', '+917521231222', 'girik.sankaran106@gmail.com', '809
Narayan Circle', 'Bengaluru', 'B+', '2025-06-19'),
(107, 'Nirja', 'Pandya', '2014-09-18', 'Female', '+919867224513', 'nirja.pandya107@gmail.com', '04/945
Tripathi Zila', 'Aurangabad', 'AB-', '2024-02-04'),
(108, 'Vasatika', 'Kapur', '2012-06-22', 'Female', '+919168005699', 'vasatika.kapur108@gmail.com', '51/49
Sanghvi Ganj', 'Hyderabad', 'AB-', '2025-12-28'),
(109, 'Atharv', 'Loke', '1942-12-01', 'Female', '+919038711176', 'atharv.loke109@gmail.com', '45/502
Rattan Street', 'Bengaluru', 'O+', '2023-08-31'),
(110, 'Azaan', 'Chand', '2003-11-16', 'Female', '+919738735023', 'azaan.chand110@gmail.com', '67, Dugar Path', 'Nashik', 'AB-', '2024-07-25'),
(111, 'Ekta', 'Chad', '2015-07-17', 'Female', '+918179387055', 'ekta.chad111@gmail.com', '901, Savant Road', 'Bengaluru', 'A-', '2025-06-10'),
(112, 'Vedika', 'Sathe', '1975-08-30', 'Female', '+918007142260', 'vedika.sathe112@gmail.com', '15/61, Sur Road', 'Nashik', 'O-', '2025-01-13'),
(113, 'Darika', 'Bath', '1959-03-15', 'Male', '+919319936135', 'darika.bath113@gmail.com', 'H.No. 343, Kumer Street', 'Pune', 'B+', '2024-04-28'),
(114, 'Jagdish', 'Amble', '1982-09-25', 'Male', '+918645124051', 'jagdish.amble114@gmail.com', '268
Tella Ganj', 'Mumbai', 'B-', '2025-02-17'),
(115, 'Irya', 'Bora', '1974-03-17', 'Male', '+918750625978', 'irya.bora115@gmail.com', '07, Munshi Zila', 'Aurangabad', 'AB-', '2025-03-08'),
(116, 'Nidhi', 'Sahni', '1965-01-24', 'Male', '+917888346940', 'nidhi.sahni116@gmail.com', 'H.No. 529
Pathak Chowk', 'Hyderabad', 'AB+', '2023-09-20'),
(117, 'Hitesh', 'Kohli', '1977-06-28', 'Female', '+919508601974', 'hitesh.kohli117@gmail.com', '16/45
Nath Ganj', 'Akola', 'AB+', '2025-10-16'),
(118, 'Faraj', 'Uppal', '1994-04-13', 'Male', '+918510792572', 'faraj.uppal118@gmail.com', 'H.No. 52, Chauhan Ganj', 'Nashik', 'AB+', '2023-11-23'),
(119, 'Rudra', 'Ghose', '1991-08-30', 'Female', '+918799682701', 'rudra.ghose119@gmail.com', '779, Sen', 'Nagpur', 'AB-', '2025-07-01'),
(120, 'Ekantika', 'Mutti', '1953-04-15', 'Male', '+918871901278', 'ekantika.mutti120@gmail.com', '74, Bhalla Road', 'Bengaluru', 'A+', '2024-07-05'),
(121, 'Ethan', 'Mukherjee', '1979-09-15', 'Male', '+919872790327', 'ethan.mukherjee121@gmail.com', 'H.No. 541, Tripathi Zila', 'Hyderabad', 'B+', '2024-08-10'),
(122, 'Benjamin', 'Sengupta', '2017-09-22', 'Female', '+917548157187', 'benjamin.sengupta122@gmail.com', 'H.No. 97, Dora Circle', 'Akola', 'AB+', '2026-04-30'),
(123, 'Shravya', 'Chauhan', '2009-05-22', 'Female', '+919847562279', 'shravya.chauhan123@gmail.com', '18/203
Sarna Chowk', 'Akola', 'A-', '2025-01-10'),
(124, 'Nathan', 'Patla', '1972-02-24', 'Female', '+917582824840', 'nathan.patla124@gmail.com', '65
Ben', 'Bengaluru', 'B+', '2025-10-27'),
(125, 'Gaurika', 'Bhatti', '1968-06-24', 'Male', '+918628238707', 'gaurika.bhatti125@gmail.com', 'H.No. 49
Nath Street', 'Aurangabad', 'B-', '2023-09-13'),
(126, 'Lohit', 'Palla', '1966-10-29', 'Male', '+918449553823', 'lohit.palla126@gmail.com', '914
Puri Circle', 'Hyderabad', 'O+', '2025-05-21'),
(127, 'Falguni', 'Datta', '1997-06-01', 'Female', '+918810607153', 'falguni.datta127@gmail.com', '68/505, Gole Road', 'Nashik', 'A-', '2026-04-23'),
(128, 'Harita', 'Sunder', '1956-10-10', 'Male', '+919316787198', 'harita.sunder128@gmail.com', '141, Zacharia Circle', 'Akola', 'O-', '2025-12-17'),
(129, 'Baljiwan', 'Nayar', '2014-12-13', 'Male', '+917294713656', 'baljiwan.nayar129@gmail.com', '62/22, Gandhi', 'Akola', 'A+', '2025-08-14'),
(130, 'Caleb', 'Roy', '1971-06-04', 'Female', '+917856247605', 'caleb.roy130@gmail.com', '94, Kaur Chowk', 'Akola', 'B+', '2025-01-21'),
(131, 'Dayamai', 'Singh', '2017-04-17', 'Male', '+919033929266', 'dayamai.singh131@gmail.com', 'H.No. 97, Manda Chowk', 'Pune', 'B-', '2025-10-15'),
(132, 'Yadavi', 'Wable', '1976-01-16', 'Male', '+918100558303', 'yadavi.wable132@gmail.com', '924, Srivastava Nagar', 'Aurangabad', 'B+', '2026-01-29'),
(133, 'Harshil', 'Varty', '2012-10-21', 'Female', '+917491914923', 'harshil.varty133@gmail.com', 'H.No. 247
Din Circle', 'Mumbai', 'O+', '2025-12-12'),
(134, 'Gavin', 'Kapadia', '2009-11-16', 'Male', '+917110287971', 'gavin.kapadia134@gmail.com', 'H.No. 606
Prakash Circle', 'Nashik', 'AB+', '2024-02-29'),
(135, 'Finn', 'Prasad', '1959-07-18', 'Male', '+917851819913', 'finn.prasad135@gmail.com', 'H.No. 522
Mangat Nagar', 'Pune', 'B-', '2026-03-17'),
(136, 'Urmi', 'Dewan', '2004-12-15', 'Male', '+918295287749', 'urmi.dewan136@gmail.com', '90
Bahl Zila', 'Pune', 'A+', '2024-03-22'),
(137, 'Mason', 'Wable', '1976-06-07', 'Male', '+918839869544', 'mason.wable137@gmail.com', '410
Saini Ganj', 'Aurangabad', 'A-', '2025-05-16'),
(138, 'Tanvi', 'Bhatnagar', '1949-11-17', 'Female', '+918465576748', 'tanvi.bhatnagar138@gmail.com', '80/89
Dhawan Ganj', 'Akola', 'AB+', '2024-04-30'),
(139, 'Aarav', 'Pandit', '1960-11-26', 'Female', '+917453285987', 'aarav.pandit139@gmail.com', '185
Vora Zila', 'Hyderabad', 'O-', '2025-02-01'),
(140, 'Yashica', 'Bahri', '1973-08-24', 'Female', '+918974565461', 'yashica.bahri140@gmail.com', 'H.No. 654
Parikh Nagar', 'Mumbai', 'AB+', '2025-10-27'),
(141, 'Hemani', 'Khosla', '2002-10-03', 'Male', '+919240885202', 'hemani.khosla141@gmail.com', '52/05, Nigam Circle', 'Nashik', 'AB-', '2025-11-23'),
(142, 'Parth', 'Shetty', '2023-10-29', 'Male', '+919544659112', 'parth.shetty142@gmail.com', '22/170
Jaggi Road', 'Nashik', 'O-', '2023-08-03'),
(143, 'Ryan', 'Barman', '1967-04-13', 'Female', '+917372214308', 'ryan.barman143@gmail.com', '68/74
Halder Nagar', 'Nashik', 'AB-', '2024-04-24'),
(144, 'Champak', 'Narula', '1963-09-06', 'Male', '+918995907669', 'champak.narula144@gmail.com', '67
Nori Marg', 'Hyderabad', 'O-', '2026-05-18'),
(145, 'Watika', 'Tank', '1971-09-06', 'Male', '+918395925222', 'watika.tank145@gmail.com', 'H.No. 616
Gole', 'Mumbai', 'AB-', '2025-02-02'),
(146, 'Ekani', 'Chauhan', '1947-04-06', 'Male', '+918109615163', 'ekani.chauhan146@gmail.com', 'H.No. 79
Ganesan Marg', 'Aurangabad', 'O+', '2025-07-10'),
(147, 'Indali', 'Sekhon', '1944-01-21', 'Female', '+918186564497', 'indali.sekhon147@gmail.com', '64/01
Patla Marg', 'Akola', 'B-', '2024-12-29'),
(148, 'Nathaniel', 'Balasubramanian', '1952-08-04', 'Male', '+918745595491', 'nathaniel.balasubramanian148@gmail.com', 'H.No. 213
Pathak Path', 'Bengaluru', 'B-', '2024-08-08'),
(149, 'Bachittar', 'Dube', '1998-03-06', 'Female', '+919774131811', 'bachittar.dube149@gmail.com', 'H.No. 71
Devan', 'Bengaluru', 'AB-', '2025-01-16'),
(150, 'Mitali', 'Murthy', '1995-09-02', 'Female', '+917399661102', 'mitali.murthy150@gmail.com', 'H.No. 027, Ram Circle', 'Nashik', 'B-', '2026-03-13');

-- Appointments
INSERT INTO appointments (appointment_id, patient_id, doctor_id, appointment_date, appointment_time, status, reason) VALUES
(1, 104, 8, '2025-07-31', '13:30:00', 'Completed', 'Child Vaccination'),
(2, 89, 14, '2026-04-17', '17:30:00', 'Completed', 'Pregnancy Checkup'),
(3, 70, 10, '2026-03-20', '13:15:00', 'Completed', 'Chest Pain'),
(4, 81, 4, '2025-09-07', '17:15:00', 'Completed', 'Annual Physical'),
(5, 124, 9, '2026-02-12', '17:30:00', 'No-Show', 'Post-Surgery Review'),
(6, 50, 10, '2026-03-16', '12:30:00', 'Completed', 'Routine Checkup'),
(7, 137, 5, '2026-07-15', '13:00:00', 'Scheduled', 'Routine Checkup'),
(8, 142, 10, '2025-09-02', '11:45:00', 'Completed', 'Routine Checkup'),
(9, 147, 10, '2025-08-07', '16:45:00', 'Completed', 'Fever'),
(10, 14, 9, '2025-07-14', '16:00:00', 'Cancelled', 'Headache'),
(11, 126, 3, '2025-08-22', '09:15:00', 'Completed', 'Joint Pain'),
(12, 78, 3, '2026-03-24', '12:00:00', 'Completed', 'Headache'),
(13, 58, 17, '2026-07-14', '15:45:00', 'Scheduled', 'Diabetes Checkup'),
(14, 114, 10, '2026-05-01', '15:30:00', 'Completed', 'Routine Checkup'),
(15, 26, 7, '2026-07-03', '12:30:00', 'Scheduled', 'Ear Infection'),
(16, 21, 6, '2026-07-10', '12:15:00', 'Scheduled', 'Child Vaccination'),
(17, 20, 6, '2026-03-06', '09:45:00', 'Completed', 'Joint Pain'),
(18, 121, 10, '2026-03-22', '09:15:00', 'Completed', 'Fracture'),
(19, 117, 3, '2026-01-18', '12:30:00', 'Cancelled', 'Ear Infection'),
(20, 51, 14, '2025-10-07', '10:15:00', 'Completed', 'Diabetes Checkup'),
(21, 69, 5, '2025-10-11', '10:00:00', 'Completed', 'Fracture'),
(22, 146, 10, '2025-08-16', '16:00:00', 'Completed', 'Fracture'),
(23, 104, 9, '2026-03-22', '17:45:00', 'Completed', 'Joint Pain'),
(24, 11, 14, '2026-03-19', '14:30:00', 'Completed', 'Chest Pain'),
(25, 148, 19, '2025-08-22', '09:30:00', 'Completed', 'Blood Test Review'),
(26, 45, 16, '2025-11-05', '17:45:00', 'No-Show', 'Fever'),
(27, 150, 14, '2025-09-11', '16:00:00', 'Completed', 'Headache'),
(28, 86, 11, '2026-07-10', '10:15:00', 'Scheduled', 'Skin Allergy'),
(29, 106, 16, '2026-04-24', '13:45:00', 'Cancelled', 'Child Vaccination'),
(30, 10, 15, '2025-09-16', '10:30:00', 'Completed', 'Follow-up Visit'),
(31, 104, 17, '2025-12-27', '09:45:00', 'Completed', 'Chest Pain'),
(32, 133, 12, '2025-11-04', '16:45:00', 'Cancelled', 'Chest Pain'),
(33, 69, 18, '2026-01-27', '11:30:00', 'Completed', 'Annual Physical'),
(34, 125, 4, '2025-12-17', '09:15:00', 'Completed', 'Fracture'),
(35, 142, 1, '2026-07-09', '17:45:00', 'Scheduled', 'Follow-up Visit'),
(36, 58, 4, '2025-08-05', '16:00:00', 'Completed', 'Fever'),
(37, 128, 10, '2026-05-31', '17:30:00', 'Completed', 'Pregnancy Checkup'),
(38, 121, 8, '2025-07-11', '16:15:00', 'Completed', 'Diabetes Checkup'),
(39, 131, 5, '2025-11-19', '10:30:00', 'Cancelled', 'Post-Surgery Review'),
(40, 107, 11, '2026-03-25', '17:30:00', 'Cancelled', 'Fracture'),
(41, 77, 19, '2025-12-21', '16:15:00', 'Completed', 'Pregnancy Checkup'),
(42, 89, 11, '2025-11-24', '17:45:00', 'Completed', 'Skin Allergy'),
(43, 49, 8, '2025-11-24', '15:15:00', 'Cancelled', 'Headache'),
(44, 12, 11, '2026-01-28', '16:45:00', 'Completed', 'Ear Infection'),
(45, 39, 16, '2025-08-03', '09:15:00', 'Completed', 'Joint Pain'),
(46, 85, 4, '2025-10-18', '16:00:00', 'Completed', 'Pregnancy Checkup'),
(47, 4, 5, '2025-07-14', '15:15:00', 'Completed', 'Blood Test Review'),
(48, 68, 11, '2025-12-16', '15:00:00', 'Cancelled', 'Post-Surgery Review'),
(49, 137, 13, '2026-01-05', '14:45:00', 'Cancelled', 'Routine Checkup'),
(50, 18, 8, '2025-08-04', '13:15:00', 'Completed', 'Headache'),
(51, 26, 21, '2026-05-09', '10:45:00', 'Completed', 'Fracture'),
(52, 8, 2, '2026-01-19', '14:00:00', 'Completed', 'Skin Allergy'),
(53, 111, 5, '2026-02-02', '12:45:00', 'Completed', 'Blood Test Review'),
(54, 47, 6, '2026-04-15', '11:00:00', 'Completed', 'Headache'),
(55, 62, 16, '2025-08-05', '11:15:00', 'Completed', 'Fracture'),
(56, 118, 9, '2025-12-31', '09:45:00', 'No-Show', 'Ear Infection'),
(57, 140, 6, '2026-05-24', '10:45:00', 'No-Show', 'Joint Pain'),
(58, 77, 21, '2026-05-10', '15:30:00', 'Completed', 'Fracture'),
(59, 51, 13, '2026-01-06', '16:00:00', 'Completed', 'Joint Pain'),
(60, 92, 19, '2025-10-13', '13:30:00', 'Completed', 'Post-Surgery Review'),
(61, 102, 9, '2025-08-18', '09:00:00', 'No-Show', 'Annual Physical'),
(62, 128, 10, '2026-06-20', '12:30:00', 'Scheduled', 'Chest Pain'),
(63, 49, 20, '2025-09-12', '13:15:00', 'Completed', 'Diabetes Checkup'),
(64, 11, 10, '2026-06-25', '16:00:00', 'Scheduled', 'Joint Pain'),
(65, 94, 5, '2026-01-06', '10:30:00', 'Completed', 'Headache'),
(66, 45, 7, '2025-10-05', '11:30:00', 'Completed', 'Diabetes Checkup'),
(67, 70, 6, '2025-07-16', '13:45:00', 'No-Show', 'Fracture'),
(68, 87, 4, '2025-08-31', '16:00:00', 'Completed', 'Chest Pain'),
(69, 102, 18, '2026-06-28', '14:00:00', 'Scheduled', 'Blood Test Review'),
(70, 102, 1, '2025-10-01', '13:00:00', 'Completed', 'Ear Infection'),
(71, 68, 19, '2026-02-17', '15:30:00', 'Completed', 'Chest Pain'),
(72, 121, 1, '2026-02-13', '17:30:00', 'No-Show', 'Chest Pain'),
(73, 17, 21, '2025-07-21', '16:30:00', 'Completed', 'Follow-up Visit'),
(74, 36, 2, '2026-02-23', '09:30:00', 'No-Show', 'Follow-up Visit'),
(75, 25, 8, '2026-02-04', '17:15:00', 'Completed', 'Skin Allergy'),
(76, 139, 14, '2026-01-30', '11:45:00', 'Completed', 'Post-Surgery Review'),
(77, 126, 20, '2025-08-21', '15:30:00', 'Completed', 'Skin Allergy'),
(78, 56, 15, '2026-02-17', '16:15:00', 'Cancelled', 'Follow-up Visit'),
(79, 95, 18, '2026-06-07', '14:00:00', 'Completed', 'Chest Pain'),
(80, 32, 15, '2025-10-26', '10:15:00', 'Completed', 'Joint Pain'),
(81, 6, 2, '2026-06-15', '14:15:00', 'No-Show', 'Blood Test Review'),
(82, 145, 7, '2025-07-01', '10:15:00', 'Completed', 'Post-Surgery Review'),
(83, 60, 11, '2026-05-23', '11:00:00', 'Completed', 'Fever'),
(84, 34, 18, '2025-07-17', '13:15:00', 'Completed', 'Post-Surgery Review'),
(85, 7, 5, '2026-06-25', '09:30:00', 'Scheduled', 'Blood Test Review'),
(86, 61, 19, '2026-04-16', '14:00:00', 'Completed', 'Routine Checkup'),
(87, 33, 14, '2025-09-27', '17:00:00', 'Completed', 'Pregnancy Checkup'),
(88, 115, 12, '2025-09-06', '17:00:00', 'Completed', 'Chest Pain'),
(89, 12, 22, '2026-01-27', '17:30:00', 'Completed', 'Routine Checkup'),
(90, 16, 16, '2026-02-14', '15:45:00', 'Completed', 'Pregnancy Checkup'),
(91, 114, 3, '2025-06-26', '10:30:00', 'Completed', 'Follow-up Visit'),
(92, 33, 9, '2026-06-02', '17:30:00', 'Completed', 'Joint Pain'),
(93, 136, 10, '2026-01-17', '16:45:00', 'Completed', 'Annual Physical'),
(94, 30, 21, '2026-02-24', '17:15:00', 'Completed', 'Diabetes Checkup'),
(95, 59, 14, '2025-10-12', '14:45:00', 'Completed', 'Annual Physical'),
(96, 25, 11, '2025-09-19', '15:30:00', 'Completed', 'Skin Allergy'),
(97, 40, 22, '2026-04-30', '16:00:00', 'Completed', 'Follow-up Visit'),
(98, 24, 14, '2025-11-22', '10:30:00', 'Cancelled', 'Child Vaccination'),
(99, 16, 19, '2025-12-11', '17:30:00', 'Completed', 'Headache'),
(100, 91, 22, '2026-03-14', '15:00:00', 'No-Show', 'Joint Pain'),
(101, 80, 12, '2025-08-16', '10:15:00', 'Completed', 'Pregnancy Checkup'),
(102, 58, 4, '2025-11-26', '14:30:00', 'Completed', 'Fracture'),
(103, 147, 8, '2025-12-15', '15:00:00', 'Completed', 'Ear Infection'),
(104, 69, 1, '2025-10-27', '11:30:00', 'Completed', 'Fracture'),
(105, 87, 12, '2025-08-10', '09:15:00', 'Cancelled', 'Joint Pain'),
(106, 103, 3, '2026-05-22', '11:00:00', 'Completed', 'Child Vaccination'),
(107, 56, 13, '2025-10-19', '15:45:00', 'Completed', 'Skin Allergy'),
(108, 80, 11, '2026-07-11', '10:00:00', 'Scheduled', 'Fever'),
(109, 41, 20, '2025-10-29', '09:00:00', 'Completed', 'Ear Infection'),
(110, 109, 16, '2025-11-19', '16:45:00', 'Completed', 'Blood Test Review'),
(111, 132, 4, '2026-04-12', '14:45:00', 'Completed', 'Ear Infection'),
(112, 125, 17, '2026-01-04', '13:00:00', 'Completed', 'Joint Pain'),
(113, 15, 1, '2025-07-27', '12:30:00', 'No-Show', 'Blood Test Review'),
(114, 36, 9, '2025-09-18', '13:30:00', 'Completed', 'Pregnancy Checkup'),
(115, 111, 6, '2025-08-02', '11:45:00', 'Completed', 'Chest Pain'),
(116, 129, 18, '2025-12-10', '14:00:00', 'Completed', 'Annual Physical'),
(117, 11, 14, '2025-08-09', '09:45:00', 'No-Show', 'Post-Surgery Review'),
(118, 81, 19, '2025-07-05', '15:45:00', 'Completed', 'Headache'),
(119, 75, 4, '2026-06-24', '15:00:00', 'Scheduled', 'Skin Allergy'),
(120, 44, 20, '2026-05-23', '16:30:00', 'Completed', 'Post-Surgery Review'),
(121, 28, 8, '2025-11-27', '15:45:00', 'Completed', 'Headache'),
(122, 80, 11, '2026-07-01', '12:30:00', 'Scheduled', 'Blood Test Review'),
(123, 44, 3, '2026-06-07', '17:00:00', 'Completed', 'Chest Pain'),
(124, 90, 12, '2026-05-03', '11:15:00', 'Completed', 'Fracture'),
(125, 51, 6, '2026-06-19', '11:00:00', 'Scheduled', 'Fever'),
(126, 127, 15, '2026-03-27', '16:30:00', 'Cancelled', 'Ear Infection'),
(127, 81, 5, '2025-08-29', '16:00:00', 'Completed', 'Ear Infection'),
(128, 78, 9, '2025-08-17', '09:30:00', 'Completed', 'Fracture'),
(129, 119, 15, '2026-07-14', '09:00:00', 'Scheduled', 'Skin Allergy'),
(130, 74, 3, '2025-12-16', '10:45:00', 'Completed', 'Child Vaccination'),
(131, 11, 15, '2026-05-29', '12:30:00', 'Completed', 'Child Vaccination'),
(132, 39, 2, '2025-12-28', '16:00:00', 'Cancelled', 'Post-Surgery Review'),
(133, 88, 3, '2025-07-20', '17:15:00', 'Completed', 'Annual Physical'),
(134, 113, 15, '2025-11-17', '17:15:00', 'Completed', 'Diabetes Checkup'),
(135, 73, 13, '2025-12-13', '15:30:00', 'Completed', 'Routine Checkup'),
(136, 86, 3, '2025-09-18', '14:00:00', 'Completed', 'Headache'),
(137, 73, 9, '2026-02-01', '11:30:00', 'Completed', 'Ear Infection'),
(138, 37, 12, '2025-07-04', '13:45:00', 'Completed', 'Annual Physical'),
(139, 22, 10, '2025-10-04', '17:45:00', 'Completed', 'Skin Allergy'),
(140, 33, 22, '2026-02-06', '17:00:00', 'Completed', 'Headache'),
(141, 131, 12, '2026-05-14', '09:30:00', 'Completed', 'Chest Pain'),
(142, 88, 16, '2026-03-08', '12:15:00', 'No-Show', 'Fever'),
(143, 20, 10, '2025-10-06', '10:00:00', 'Completed', 'Diabetes Checkup'),
(144, 34, 20, '2025-06-18', '15:15:00', 'Completed', 'Post-Surgery Review'),
(145, 43, 15, '2025-07-27', '09:45:00', 'Completed', 'Annual Physical'),
(146, 61, 15, '2025-08-07', '13:45:00', 'Completed', 'Chest Pain'),
(147, 80, 16, '2025-09-27', '12:30:00', 'Completed', 'Joint Pain'),
(148, 113, 15, '2025-11-06', '13:45:00', 'Completed', 'Headache'),
(149, 42, 7, '2025-11-21', '11:30:00', 'Completed', 'Pregnancy Checkup'),
(150, 96, 18, '2025-07-02', '10:00:00', 'Completed', 'Blood Test Review'),
(151, 42, 9, '2025-07-05', '16:15:00', 'Cancelled', 'Follow-up Visit'),
(152, 57, 15, '2026-01-23', '14:00:00', 'Completed', 'Headache'),
(153, 129, 12, '2025-11-05', '12:45:00', 'No-Show', 'Skin Allergy'),
(154, 58, 1, '2025-10-07', '14:00:00', 'Cancelled', 'Ear Infection'),
(155, 86, 5, '2025-11-14', '11:00:00', 'Completed', 'Post-Surgery Review'),
(156, 121, 5, '2025-12-10', '16:45:00', 'Completed', 'Diabetes Checkup'),
(157, 21, 1, '2026-01-18', '13:15:00', 'Cancelled', 'Child Vaccination'),
(158, 136, 14, '2026-05-07', '10:30:00', 'Completed', 'Follow-up Visit'),
(159, 13, 8, '2026-02-16', '15:45:00', 'Completed', 'Post-Surgery Review'),
(160, 128, 20, '2026-02-11', '17:00:00', 'Completed', 'Joint Pain'),
(161, 62, 5, '2025-08-04', '13:45:00', 'Completed', 'Skin Allergy'),
(162, 62, 19, '2025-07-23', '15:15:00', 'Completed', 'Follow-up Visit'),
(163, 135, 12, '2025-11-09', '10:00:00', 'Completed', 'Pregnancy Checkup'),
(164, 12, 21, '2026-07-10', '15:30:00', 'Scheduled', 'Fracture'),
(165, 5, 12, '2026-01-21', '10:30:00', 'Completed', 'Ear Infection'),
(166, 27, 19, '2025-11-06', '14:15:00', 'Completed', 'Child Vaccination'),
(167, 87, 21, '2025-08-11', '11:45:00', 'No-Show', 'Pregnancy Checkup'),
(168, 47, 5, '2026-02-08', '10:45:00', 'Completed', 'Chest Pain'),
(169, 12, 7, '2025-11-20', '09:30:00', 'No-Show', 'Child Vaccination'),
(170, 102, 18, '2025-06-30', '16:30:00', 'Completed', 'Ear Infection'),
(171, 49, 10, '2025-06-30', '14:00:00', 'Cancelled', 'Skin Allergy'),
(172, 70, 4, '2026-03-24', '14:45:00', 'Cancelled', 'Annual Physical'),
(173, 113, 13, '2026-04-29', '14:15:00', 'Completed', 'Pregnancy Checkup'),
(174, 95, 17, '2026-01-06', '13:00:00', 'Completed', 'Follow-up Visit'),
(175, 111, 20, '2025-08-12', '11:30:00', 'Completed', 'Follow-up Visit'),
(176, 84, 22, '2026-06-03', '13:30:00', 'Completed', 'Annual Physical'),
(177, 110, 6, '2025-08-09', '16:30:00', 'Completed', 'Annual Physical'),
(178, 91, 20, '2026-06-18', '15:30:00', 'Scheduled', 'Ear Infection'),
(179, 15, 3, '2025-10-19', '15:30:00', 'Completed', 'Annual Physical'),
(180, 41, 1, '2025-11-17', '11:45:00', 'Completed', 'Follow-up Visit'),
(181, 61, 21, '2026-02-14', '14:30:00', 'Completed', 'Joint Pain'),
(182, 9, 20, '2026-05-14', '11:45:00', 'No-Show', 'Skin Allergy'),
(183, 114, 3, '2026-02-05', '11:30:00', 'Completed', 'Ear Infection'),
(184, 72, 8, '2026-01-01', '10:00:00', 'Completed', 'Pregnancy Checkup'),
(185, 133, 13, '2026-01-02', '17:00:00', 'Completed', 'Fracture'),
(186, 115, 7, '2025-12-25', '13:45:00', 'Completed', 'Fever'),
(187, 19, 15, '2026-01-23', '11:45:00', 'No-Show', 'Blood Test Review'),
(188, 82, 22, '2025-12-20', '14:00:00', 'Completed', 'Fracture'),
(189, 77, 6, '2025-06-21', '11:30:00', 'Completed', 'Follow-up Visit'),
(190, 52, 5, '2025-10-24', '12:45:00', 'Completed', 'Child Vaccination'),
(191, 147, 12, '2025-07-28', '16:15:00', 'Completed', 'Follow-up Visit'),
(192, 17, 10, '2025-11-26', '15:45:00', 'Completed', 'Blood Test Review'),
(193, 105, 19, '2025-10-14', '10:15:00', 'No-Show', 'Ear Infection'),
(194, 19, 15, '2026-06-05', '16:30:00', 'Completed', 'Post-Surgery Review'),
(195, 142, 21, '2026-05-26', '11:15:00', 'Completed', 'Diabetes Checkup'),
(196, 15, 4, '2026-02-19', '17:15:00', 'Completed', 'Fever'),
(197, 83, 8, '2026-02-06', '14:30:00', 'Cancelled', 'Fracture'),
(198, 51, 21, '2025-09-28', '17:30:00', 'Completed', 'Fracture'),
(199, 137, 3, '2026-03-01', '17:15:00', 'Completed', 'Joint Pain'),
(200, 40, 6, '2026-07-04', '14:00:00', 'Scheduled', 'Post-Surgery Review'),
(201, 8, 3, '2026-01-30', '09:30:00', 'Completed', 'Blood Test Review'),
(202, 147, 14, '2025-09-13', '09:45:00', 'Cancelled', 'Child Vaccination'),
(203, 75, 21, '2025-07-05', '13:45:00', 'Completed', 'Blood Test Review'),
(204, 104, 10, '2025-12-22', '16:00:00', 'Completed', 'Fever'),
(205, 113, 14, '2026-01-08', '16:45:00', 'Completed', 'Joint Pain'),
(206, 37, 11, '2026-03-27', '14:30:00', 'No-Show', 'Fever'),
(207, 95, 17, '2026-04-17', '17:00:00', 'Completed', 'Pregnancy Checkup'),
(208, 32, 9, '2025-11-12', '16:15:00', 'Completed', 'Routine Checkup'),
(209, 75, 13, '2026-05-06', '15:15:00', 'No-Show', 'Diabetes Checkup'),
(210, 41, 11, '2025-09-18', '14:15:00', 'Cancelled', 'Pregnancy Checkup'),
(211, 132, 15, '2026-01-27', '16:30:00', 'Completed', 'Follow-up Visit'),
(212, 101, 17, '2026-03-19', '16:15:00', 'Completed', 'Skin Allergy'),
(213, 13, 2, '2025-08-29', '13:45:00', 'Completed', 'Post-Surgery Review'),
(214, 121, 10, '2025-12-06', '17:00:00', 'Cancelled', 'Headache'),
(215, 35, 9, '2025-11-27', '14:45:00', 'Completed', 'Headache'),
(216, 14, 19, '2025-11-25', '17:15:00', 'Completed', 'Fracture'),
(217, 19, 13, '2025-09-03', '17:45:00', 'Cancelled', 'Fracture'),
(218, 31, 5, '2025-12-30', '10:45:00', 'Completed', 'Skin Allergy'),
(219, 143, 12, '2026-02-12', '11:15:00', 'Completed', 'Headache'),
(220, 129, 2, '2025-12-18', '09:00:00', 'Completed', 'Skin Allergy'),
(221, 122, 17, '2026-05-16', '16:15:00', 'Completed', 'Child Vaccination'),
(222, 36, 11, '2026-03-30', '14:15:00', 'Completed', 'Joint Pain'),
(223, 77, 19, '2026-03-21', '14:45:00', 'Completed', 'Fracture'),
(224, 122, 1, '2026-01-06', '14:30:00', 'Completed', 'Headache'),
(225, 150, 10, '2026-01-23', '09:45:00', 'Completed', 'Ear Infection'),
(226, 149, 19, '2026-07-15', '12:00:00', 'Scheduled', 'Joint Pain'),
(227, 123, 6, '2025-12-21', '17:45:00', 'Completed', 'Ear Infection'),
(228, 63, 2, '2025-11-11', '10:15:00', 'Completed', 'Skin Allergy'),
(229, 108, 5, '2026-06-28', '15:15:00', 'Scheduled', 'Headache'),
(230, 129, 20, '2025-12-14', '16:00:00', 'Completed', 'Child Vaccination'),
(231, 54, 18, '2026-01-12', '14:45:00', 'Completed', 'Skin Allergy'),
(232, 45, 15, '2026-01-17', '17:30:00', 'Completed', 'Ear Infection'),
(233, 68, 20, '2026-03-09', '16:15:00', 'No-Show', 'Fracture'),
(234, 143, 10, '2026-05-24', '12:30:00', 'Cancelled', 'Annual Physical'),
(235, 54, 16, '2026-03-11', '14:45:00', 'Completed', 'Diabetes Checkup'),
(236, 71, 10, '2026-04-29', '10:45:00', 'Cancelled', 'Headache'),
(237, 89, 5, '2025-09-27', '13:00:00', 'Completed', 'Annual Physical'),
(238, 21, 12, '2025-12-23', '16:30:00', 'Completed', 'Chest Pain'),
(239, 52, 18, '2026-06-29', '13:30:00', 'Scheduled', 'Fever'),
(240, 28, 20, '2025-10-03', '12:15:00', 'Completed', 'Diabetes Checkup'),
(241, 136, 8, '2025-10-11', '12:00:00', 'Completed', 'Skin Allergy'),
(242, 121, 4, '2026-06-22', '11:00:00', 'Scheduled', 'Child Vaccination'),
(243, 41, 14, '2026-07-08', '16:45:00', 'Scheduled', 'Ear Infection'),
(244, 52, 10, '2026-04-16', '14:30:00', 'Completed', 'Diabetes Checkup'),
(245, 23, 21, '2026-03-21', '12:00:00', 'No-Show', 'Fever'),
(246, 107, 6, '2026-03-15', '09:45:00', 'Cancelled', 'Fever'),
(247, 75, 2, '2025-12-25', '09:30:00', 'Completed', 'Follow-up Visit'),
(248, 86, 10, '2025-12-22', '16:45:00', 'Cancelled', 'Fever'),
(249, 130, 15, '2026-01-22', '13:15:00', 'Cancelled', 'Skin Allergy'),
(250, 42, 15, '2026-06-20', '13:15:00', 'Scheduled', 'Routine Checkup'),
(251, 87, 10, '2026-03-27', '12:15:00', 'Completed', 'Ear Infection'),
(252, 104, 14, '2025-10-06', '17:30:00', 'Completed', 'Ear Infection'),
(253, 25, 6, '2026-01-28', '11:45:00', 'Completed', 'Chest Pain'),
(254, 2, 9, '2026-01-16', '15:15:00', 'Completed', 'Fracture'),
(255, 85, 10, '2026-06-04', '09:30:00', 'Completed', 'Annual Physical'),
(256, 61, 2, '2025-11-18', '10:45:00', 'Completed', 'Headache'),
(257, 129, 10, '2025-10-29', '10:30:00', 'Completed', 'Chest Pain'),
(258, 57, 5, '2026-04-17', '16:15:00', 'Completed', 'Joint Pain'),
(259, 96, 14, '2025-08-12', '17:45:00', 'Cancelled', 'Blood Test Review'),
(260, 56, 8, '2025-07-01', '10:45:00', 'Completed', 'Skin Allergy'),
(261, 20, 19, '2026-06-28', '10:00:00', 'Scheduled', 'Post-Surgery Review'),
(262, 141, 17, '2025-07-16', '12:15:00', 'Completed', 'Post-Surgery Review'),
(263, 134, 15, '2026-06-15', '10:15:00', 'Completed', 'Pregnancy Checkup'),
(264, 24, 17, '2026-03-01', '16:00:00', 'Completed', 'Child Vaccination'),
(265, 107, 15, '2026-04-06', '09:45:00', 'Completed', 'Fracture'),
(266, 6, 13, '2025-09-07', '13:00:00', 'Completed', 'Joint Pain'),
(267, 19, 2, '2026-05-08', '15:30:00', 'Completed', 'Child Vaccination'),
(268, 16, 3, '2025-09-30', '16:00:00', 'Completed', 'Fever'),
(269, 35, 21, '2026-01-23', '15:30:00', 'No-Show', 'Headache'),
(270, 115, 13, '2025-09-30', '15:00:00', 'Completed', 'Ear Infection'),
(271, 139, 5, '2025-07-28', '14:00:00', 'Completed', 'Child Vaccination'),
(272, 101, 17, '2026-04-04', '11:15:00', 'Cancelled', 'Blood Test Review'),
(273, 6, 10, '2025-09-17', '16:45:00', 'Completed', 'Post-Surgery Review'),
(274, 59, 8, '2025-07-05', '16:30:00', 'Completed', 'Chest Pain'),
(275, 29, 2, '2026-06-08', '15:00:00', 'Completed', 'Follow-up Visit'),
(276, 26, 20, '2025-09-12', '09:45:00', 'Completed', 'Annual Physical'),
(277, 13, 8, '2025-09-15', '09:45:00', 'Completed', 'Child Vaccination'),
(278, 56, 2, '2025-07-24', '11:30:00', 'Completed', 'Diabetes Checkup'),
(279, 148, 11, '2025-10-23', '14:15:00', 'Completed', 'Fever'),
(280, 134, 8, '2025-12-19', '15:30:00', 'Completed', 'Child Vaccination'),
(281, 45, 21, '2026-03-11', '15:45:00', 'Completed', 'Skin Allergy'),
(282, 98, 17, '2025-08-08', '14:45:00', 'Completed', 'Fracture'),
(283, 97, 6, '2026-07-01', '17:45:00', 'Scheduled', 'Chest Pain'),
(284, 58, 10, '2026-07-07', '11:45:00', 'Scheduled', 'Diabetes Checkup'),
(285, 15, 18, '2025-08-16', '15:45:00', 'Completed', 'Fever'),
(286, 100, 8, '2026-02-28', '13:15:00', 'Completed', 'Follow-up Visit'),
(287, 116, 12, '2026-05-29', '10:15:00', 'Completed', 'Headache'),
(288, 11, 3, '2025-12-20', '12:15:00', 'Completed', 'Post-Surgery Review'),
(289, 86, 10, '2026-02-27', '09:15:00', 'No-Show', 'Annual Physical'),
(290, 31, 16, '2026-04-10', '12:15:00', 'Completed', 'Chest Pain'),
(291, 142, 11, '2025-10-06', '13:45:00', 'Completed', 'Ear Infection'),
(292, 92, 10, '2025-10-06', '13:30:00', 'Completed', 'Pregnancy Checkup'),
(293, 120, 4, '2025-07-08', '16:30:00', 'No-Show', 'Skin Allergy'),
(294, 81, 14, '2026-04-15', '09:15:00', 'Completed', 'Routine Checkup'),
(295, 67, 18, '2026-02-28', '15:30:00', 'Completed', 'Skin Allergy'),
(296, 59, 13, '2025-09-14', '12:45:00', 'Completed', 'Ear Infection'),
(297, 87, 9, '2026-04-03', '16:45:00', 'Completed', 'Annual Physical'),
(298, 91, 6, '2026-05-17', '11:45:00', 'Completed', 'Diabetes Checkup'),
(299, 139, 21, '2025-06-29', '09:00:00', 'Cancelled', 'Follow-up Visit'),
(300, 13, 1, '2026-06-14', '15:15:00', 'Cancelled', 'Chest Pain'),
(301, 18, 5, '2025-11-27', '09:15:00', 'Completed', 'Skin Allergy'),
(302, 16, 20, '2026-05-12', '16:45:00', 'Completed', 'Child Vaccination'),
(303, 142, 14, '2026-06-19', '09:00:00', 'Scheduled', 'Child Vaccination'),
(304, 71, 18, '2025-06-29', '13:00:00', 'Completed', 'Annual Physical'),
(305, 111, 6, '2026-05-12', '10:00:00', 'Completed', 'Chest Pain'),
(306, 50, 20, '2026-04-23', '17:30:00', 'Cancelled', 'Fracture'),
(307, 102, 3, '2025-08-27', '14:45:00', 'Completed', 'Chest Pain'),
(308, 58, 10, '2026-04-07', '10:00:00', 'Completed', 'Headache'),
(309, 97, 18, '2026-05-26', '16:00:00', 'Completed', 'Annual Physical'),
(310, 44, 3, '2025-10-07', '16:45:00', 'Completed', 'Skin Allergy'),
(311, 145, 4, '2025-06-29', '17:00:00', 'Completed', 'Diabetes Checkup'),
(312, 146, 16, '2025-10-11', '13:00:00', 'No-Show', 'Ear Infection'),
(313, 72, 18, '2026-02-08', '09:15:00', 'No-Show', 'Skin Allergy'),
(314, 5, 7, '2026-06-17', '11:45:00', 'Scheduled', 'Diabetes Checkup'),
(315, 20, 10, '2025-10-25', '11:15:00', 'Completed', 'Post-Surgery Review'),
(316, 100, 22, '2025-12-11', '17:30:00', 'Completed', 'Annual Physical'),
(317, 36, 3, '2026-02-23', '17:30:00', 'Completed', 'Headache'),
(318, 60, 3, '2026-01-08', '14:45:00', 'No-Show', 'Skin Allergy'),
(319, 8, 21, '2026-06-02', '13:45:00', 'Completed', 'Skin Allergy'),
(320, 142, 13, '2025-08-07', '15:15:00', 'Completed', 'Ear Infection'),
(321, 98, 3, '2025-12-31', '13:15:00', 'Completed', 'Follow-up Visit'),
(322, 69, 5, '2025-10-01', '15:15:00', 'Completed', 'Skin Allergy'),
(323, 93, 4, '2026-05-01', '10:00:00', 'No-Show', 'Pregnancy Checkup'),
(324, 93, 9, '2025-10-23', '10:15:00', 'Completed', 'Headache'),
(325, 115, 18, '2026-03-31', '17:45:00', 'Completed', 'Follow-up Visit'),
(326, 91, 18, '2026-02-26', '10:30:00', 'Cancelled', 'Routine Checkup'),
(327, 75, 14, '2026-03-26', '15:00:00', 'Completed', 'Child Vaccination'),
(328, 63, 19, '2025-06-20', '17:15:00', 'Completed', 'Fever'),
(329, 36, 9, '2025-10-26', '13:30:00', 'Completed', 'Follow-up Visit'),
(330, 43, 14, '2025-10-09', '13:45:00', 'Completed', 'Blood Test Review'),
(331, 20, 12, '2026-03-09', '13:15:00', 'Completed', 'Pregnancy Checkup'),
(332, 51, 15, '2025-08-30', '10:15:00', 'Completed', 'Headache'),
(333, 86, 20, '2026-02-11', '15:30:00', 'Completed', 'Headache'),
(334, 35, 10, '2026-02-22', '14:15:00', 'Completed', 'Fever'),
(335, 102, 11, '2025-11-22', '13:45:00', 'No-Show', 'Blood Test Review'),
(336, 63, 11, '2025-12-01', '15:30:00', 'Cancelled', 'Headache'),
(337, 94, 4, '2025-10-22', '12:15:00', 'Completed', 'Child Vaccination'),
(338, 7, 15, '2025-11-20', '12:45:00', 'Cancelled', 'Post-Surgery Review'),
(339, 18, 14, '2025-07-22', '16:15:00', 'Completed', 'Chest Pain'),
(340, 65, 22, '2026-07-08', '11:45:00', 'Scheduled', 'Blood Test Review'),
(341, 97, 3, '2025-12-21', '16:45:00', 'Completed', 'Child Vaccination'),
(342, 130, 14, '2026-06-20', '17:00:00', 'Scheduled', 'Blood Test Review'),
(343, 93, 18, '2025-06-17', '10:00:00', 'Cancelled', 'Ear Infection'),
(344, 91, 6, '2025-11-13', '09:45:00', 'No-Show', 'Skin Allergy'),
(345, 111, 4, '2025-12-08', '09:00:00', 'Completed', 'Child Vaccination'),
(346, 133, 18, '2025-09-28', '12:45:00', 'Completed', 'Pregnancy Checkup'),
(347, 129, 5, '2025-10-23', '14:00:00', 'Completed', 'Fracture'),
(348, 107, 3, '2026-01-31', '10:15:00', 'Completed', 'Skin Allergy'),
(349, 117, 7, '2026-01-27', '17:45:00', 'Completed', 'Follow-up Visit'),
(350, 113, 15, '2025-09-26', '14:00:00', 'Completed', 'Blood Test Review'),
(351, 30, 1, '2025-11-04', '14:00:00', 'Completed', 'Fever'),
(352, 63, 17, '2025-09-16', '11:15:00', 'Completed', 'Headache'),
(353, 119, 8, '2026-03-06', '15:15:00', 'Completed', 'Ear Infection'),
(354, 111, 13, '2025-12-16', '09:15:00', 'Completed', 'Headache'),
(355, 100, 1, '2025-08-17', '12:15:00', 'Completed', 'Annual Physical'),
(356, 17, 19, '2026-03-13', '10:15:00', 'Completed', 'Chest Pain'),
(357, 118, 4, '2026-06-15', '13:45:00', 'Completed', 'Ear Infection'),
(358, 81, 20, '2026-06-01', '15:45:00', 'Completed', 'Skin Allergy'),
(359, 91, 15, '2026-04-15', '11:30:00', 'No-Show', 'Joint Pain'),
(360, 22, 22, '2026-03-15', '11:30:00', 'Completed', 'Fracture'),
(361, 30, 6, '2026-02-22', '14:15:00', 'Completed', 'Headache'),
(362, 36, 19, '2026-06-22', '15:45:00', 'Scheduled', 'Fever'),
(363, 125, 21, '2025-11-07', '17:15:00', 'Completed', 'Pregnancy Checkup'),
(364, 74, 5, '2025-09-10', '11:30:00', 'Cancelled', 'Joint Pain'),
(365, 14, 12, '2026-06-29', '09:45:00', 'Scheduled', 'Fever'),
(366, 50, 13, '2025-12-21', '17:45:00', 'Completed', 'Pregnancy Checkup'),
(367, 107, 15, '2025-12-12', '16:15:00', 'Completed', 'Routine Checkup'),
(368, 57, 10, '2026-07-11', '09:30:00', 'Scheduled', 'Chest Pain'),
(369, 138, 10, '2025-11-09', '11:45:00', 'Completed', 'Blood Test Review'),
(370, 127, 18, '2026-03-19', '17:00:00', 'Completed', 'Fracture'),
(371, 140, 12, '2026-06-11', '17:00:00', 'Cancelled', 'Pregnancy Checkup'),
(372, 140, 7, '2026-04-10', '15:00:00', 'Completed', 'Ear Infection'),
(373, 64, 10, '2026-04-28', '09:45:00', 'Completed', 'Post-Surgery Review'),
(374, 23, 15, '2026-05-07', '10:15:00', 'Completed', 'Annual Physical'),
(375, 90, 20, '2026-04-12', '15:15:00', 'Completed', 'Blood Test Review'),
(376, 53, 7, '2026-03-11', '09:30:00', 'Completed', 'Joint Pain'),
(377, 138, 6, '2026-02-05', '14:30:00', 'Completed', 'Fracture'),
(378, 132, 22, '2026-04-22', '10:15:00', 'No-Show', 'Blood Test Review'),
(379, 106, 2, '2026-01-09', '13:15:00', 'Completed', 'Fever'),
(380, 64, 5, '2026-01-10', '14:15:00', 'Cancelled', 'Ear Infection'),
(381, 101, 16, '2025-11-05', '11:30:00', 'Completed', 'Headache'),
(382, 116, 3, '2026-06-13', '10:45:00', 'Completed', 'Fracture'),
(383, 95, 15, '2025-07-29', '16:30:00', 'Completed', 'Post-Surgery Review'),
(384, 24, 15, '2026-05-09', '14:00:00', 'Cancelled', 'Headache'),
(385, 56, 14, '2026-06-07', '12:45:00', 'Completed', 'Post-Surgery Review'),
(386, 73, 11, '2025-09-03', '17:15:00', 'Completed', 'Pregnancy Checkup'),
(387, 88, 22, '2026-01-13', '09:00:00', 'Completed', 'Blood Test Review'),
(388, 118, 1, '2025-08-19', '10:15:00', 'Completed', 'Routine Checkup'),
(389, 110, 7, '2026-05-19', '11:30:00', 'Completed', 'Diabetes Checkup'),
(390, 71, 3, '2025-12-06', '14:30:00', 'Completed', 'Ear Infection'),
(391, 43, 2, '2026-03-11', '15:30:00', 'Completed', 'Blood Test Review'),
(392, 60, 14, '2026-03-25', '10:00:00', 'Completed', 'Pregnancy Checkup'),
(393, 20, 5, '2025-12-25', '12:45:00', 'Completed', 'Annual Physical'),
(394, 88, 4, '2026-06-05', '15:15:00', 'Completed', 'Chest Pain'),
(395, 99, 3, '2025-12-08', '10:00:00', 'Completed', 'Diabetes Checkup'),
(396, 77, 5, '2025-07-07', '15:15:00', 'Completed', 'Ear Infection'),
(397, 37, 3, '2025-08-06', '17:00:00', 'Completed', 'Fever'),
(398, 113, 12, '2025-11-26', '12:15:00', 'No-Show', 'Joint Pain'),
(399, 114, 7, '2026-01-24', '10:00:00', 'Completed', 'Follow-up Visit'),
(400, 99, 12, '2026-01-22', '15:30:00', 'Cancelled', 'Chest Pain');

-- Treatments
INSERT INTO treatments (appointment_id, diagnosis, treatment_desc, prescribed_meds, follow_up_required, follow_up_date) VALUES
(1, 'Migraine', 'Physiotherapy recommended', 'Cetirizine 10mg', 0, NULL),
(2, 'Asthma', 'Follow-up in 2 weeks', 'Omeprazole 20mg', 0, NULL),
(3, 'Lower Back Pain', 'Prescribed medication and rest', 'Omeprazole 20mg', 1, '2026-04-15'),
(4, 'Anemia', 'Dietary changes advised', 'Azithromycin 500mg', 1, '2025-09-15'),
(6, 'Conjunctivitis', 'Dietary changes advised', 'Vitamin D3 supplements', 0, NULL),
(8, 'Fracture - Wrist', 'Wound dressing done', 'ORS + Multivitamins', 1, '2025-09-09'),
(9, 'Eczema', 'Referred to specialist', 'Metformin 500mg', 0, NULL),
(11, 'Urinary Tract Infection', 'Follow-up in 2 weeks', 'Azithromycin 500mg', 0, NULL),
(12, 'Allergic Rhinitis', 'Surgery scheduled', 'Vitamin D3 supplements', 0, NULL),
(14, 'Conjunctivitis', 'Physiotherapy recommended', 'Paracetamol 500mg', 0, NULL),
(17, 'Common Cold', 'Medication adjusted', 'Cetirizine 10mg', 1, '2026-03-14'),
(18, 'Conjunctivitis', 'Vaccination administered', 'Atorvastatin 10mg', 1, '2026-04-20'),
(20, 'Anemia', 'Vaccination administered', 'Azithromycin 500mg', 0, NULL),
(21, 'Hypertension', 'Lab tests ordered', 'Atorvastatin 10mg', 0, NULL),
(22, 'Migraine', 'Physiotherapy recommended', 'Omeprazole 20mg', 1, '2025-08-29'),
(23, 'Conjunctivitis', 'Surgery scheduled', 'Atorvastatin 10mg', 0, NULL),
(24, 'Asthma', 'Physiotherapy recommended', 'Omeprazole 20mg', 0, NULL),
(25, 'Lower Back Pain', 'Dietary changes advised', 'Paracetamol 500mg', 1, '2025-09-11'),
(27, 'Hypertension', 'Wound dressing done', 'ORS + Multivitamins', 0, NULL),
(30, 'Migraine', 'Surgery scheduled', 'Amoxicillin 250mg', 1, '2025-09-27'),
(31, 'Lower Back Pain', 'Prescribed medication and rest', 'Metformin 500mg', 0, NULL),
(33, 'Eczema', 'Lab tests ordered', 'Atorvastatin 10mg', 0, NULL),
(34, 'Lower Back Pain', 'Medication adjusted', 'Metformin 500mg', 0, NULL),
(36, 'Lower Back Pain', 'Medication adjusted', 'Amoxicillin 250mg', 0, NULL),
(37, 'Common Cold', 'Referred to specialist', 'Azithromycin 500mg', 1, '2026-06-09'),
(38, 'Migraine', 'Follow-up in 2 weeks', 'Amoxicillin 250mg', 0, NULL),
(41, 'Anemia', 'Referred to specialist', 'Paracetamol 500mg', 0, NULL),
(42, 'Asthma', 'Surgery scheduled', 'Ibuprofen 400mg', 1, '2025-12-04'),
(44, 'Gastroenteritis', 'Follow-up in 2 weeks', 'Amoxicillin 250mg', 1, '2026-02-20'),
(45, 'Common Cold', 'Prescribed medication and rest', 'Paracetamol 500mg', 1, '2025-08-25'),
(46, 'Eczema', 'Vaccination administered', 'Metformin 500mg', 1, '2025-10-26'),
(47, 'Anemia', 'Vaccination administered', 'Cetirizine 10mg', 0, NULL),
(50, 'Viral Fever', 'Referred to specialist', 'Omeprazole 20mg', 0, NULL),
(51, 'Asthma', 'Referred to specialist', 'Amoxicillin 250mg', 0, NULL),
(52, 'Gastroenteritis', 'Prescribed medication and rest', 'Metformin 500mg', 1, '2026-02-11'),
(53, 'Common Cold', 'Vaccination administered', 'Amoxicillin 250mg', 0, NULL),
(54, 'Urinary Tract Infection', 'Medication adjusted', 'Omeprazole 20mg', 0, NULL),
(55, 'Anemia', 'Wound dressing done', 'Paracetamol 500mg', 0, NULL),
(58, 'Migraine', 'Follow-up in 2 weeks', 'Omeprazole 20mg', 0, NULL),
(59, 'Fracture - Wrist', 'Wound dressing done', 'Ibuprofen 400mg', 0, NULL),
(60, 'Acid Reflux', 'Dietary changes advised', 'Atorvastatin 10mg', 0, NULL),
(63, 'Fracture - Wrist', 'Surgery scheduled', 'Paracetamol 500mg', 0, NULL),
(65, 'Common Cold', 'Dietary changes advised', 'Atorvastatin 10mg', 0, NULL),
(66, 'Urinary Tract Infection', 'Prescribed medication and rest', 'Ibuprofen 400mg', 1, '2025-11-02'),
(68, 'Viral Fever', 'Medication adjusted', 'Amoxicillin 250mg', 1, '2025-09-14'),
(70, 'Viral Fever', 'Wound dressing done', 'Paracetamol 500mg', 0, NULL),
(71, 'Type 2 Diabetes', 'Medication adjusted', 'Amoxicillin 250mg', 1, '2026-03-03'),
(73, 'Gastroenteritis', 'Lab tests ordered', 'Azithromycin 500mg', 0, NULL),
(75, 'Eczema', 'Wound dressing done', 'Amoxicillin 250mg', 0, NULL),
(76, 'Anemia', 'Surgery scheduled', 'Azithromycin 500mg', 1, '2026-02-24'),
(77, 'Common Cold', 'Vaccination administered', 'Metformin 500mg', 1, '2025-09-05'),
(79, 'Urinary Tract Infection', 'Referred to specialist', 'Azithromycin 500mg', 0, NULL),
(80, 'Lower Back Pain', 'Referred to specialist', 'Ibuprofen 400mg', 0, NULL),
(82, 'Fracture - Wrist', 'Physiotherapy recommended', 'Cetirizine 10mg', 1, '2025-07-26'),
(83, 'Hypertension', 'Surgery scheduled', 'Amoxicillin 250mg', 1, '2026-06-13'),
(84, 'Eczema', 'Vaccination administered', 'Amoxicillin 250mg', 0, NULL),
(86, 'Conjunctivitis', 'Dietary changes advised', 'Vitamin D3 supplements', 0, NULL),
(87, 'Migraine', 'Physiotherapy recommended', 'Amoxicillin 250mg', 1, '2025-10-25'),
(88, 'Migraine', 'Follow-up in 2 weeks', 'Paracetamol 500mg', 1, '2025-09-23'),
(89, 'Type 2 Diabetes', 'Physiotherapy recommended', 'Cetirizine 10mg', 0, NULL),
(90, 'Viral Fever', 'Lab tests ordered', 'Paracetamol 500mg', 0, NULL),
(91, 'Migraine', 'Surgery scheduled', 'Paracetamol 500mg', 0, NULL),
(92, 'Urinary Tract Infection', 'Wound dressing done', 'Atorvastatin 10mg', 0, NULL),
(93, 'Fracture - Wrist', 'Physiotherapy recommended', 'Vitamin D3 supplements', 1, '2026-01-28'),
(94, 'Hypertension', 'Prescribed medication and rest', 'Paracetamol 500mg', 0, NULL),
(95, 'Fracture - Wrist', 'Surgery scheduled', 'Cetirizine 10mg', 0, NULL),
(96, 'Eczema', 'Physiotherapy recommended', 'ORS + Multivitamins', 0, NULL),
(97, 'Gastroenteritis', 'Physiotherapy recommended', 'Paracetamol 500mg', 0, NULL),
(99, 'Fracture - Wrist', 'Wound dressing done', 'Metformin 500mg', 1, '2025-12-28'),
(101, 'Hypertension', 'Prescribed medication and rest', 'Vitamin D3 supplements', 1, '2025-09-10'),
(102, 'Viral Fever', 'Vaccination administered', 'Vitamin D3 supplements', 1, '2025-12-24'),
(103, 'Viral Fever', 'Surgery scheduled', 'Ibuprofen 400mg', 1, '2025-12-27'),
(104, 'Migraine', 'Medication adjusted', 'Vitamin D3 supplements', 0, NULL),
(106, 'Common Cold', 'Follow-up in 2 weeks', 'ORS + Multivitamins', 0, NULL),
(107, 'Allergic Rhinitis', 'Medication adjusted', 'Vitamin D3 supplements', 0, NULL),
(109, 'Anemia', 'Wound dressing done', 'Paracetamol 500mg', 1, '2025-11-17'),
(110, 'Type 2 Diabetes', 'Vaccination administered', 'Cetirizine 10mg', 0, NULL),
(111, 'Conjunctivitis', 'Lab tests ordered', 'Cetirizine 10mg', 0, NULL),
(112, 'Conjunctivitis', 'Lab tests ordered', 'Paracetamol 500mg', 0, NULL),
(114, 'Conjunctivitis', 'Referred to specialist', 'Vitamin D3 supplements', 0, NULL),
(115, 'Acid Reflux', 'Referred to specialist', 'ORS + Multivitamins', 0, NULL),
(116, 'Viral Fever', 'Medication adjusted', 'Metformin 500mg', 1, '2026-01-05'),
(118, 'Fracture - Wrist', 'Prescribed medication and rest', 'Omeprazole 20mg', 1, '2025-07-27'),
(120, 'Anemia', 'Referred to specialist', 'ORS + Multivitamins', 0, NULL),
(121, 'Type 2 Diabetes', 'Physiotherapy recommended', 'Cetirizine 10mg', 0, NULL),
(123, 'Migraine', 'Lab tests ordered', 'Paracetamol 500mg', 0, NULL),
(124, 'Fracture - Wrist', 'Follow-up in 2 weeks', 'Azithromycin 500mg', 0, NULL),
(127, 'Urinary Tract Infection', 'Surgery scheduled', 'Metformin 500mg', 1, '2025-09-15'),
(128, 'Conjunctivitis', 'Referred to specialist', 'ORS + Multivitamins', 1, '2025-09-15'),
(130, 'Eczema', 'Follow-up in 2 weeks', 'ORS + Multivitamins', 1, '2025-12-29'),
(131, 'Urinary Tract Infection', 'Wound dressing done', 'Atorvastatin 10mg', 0, NULL),
(133, 'Acid Reflux', 'Prescribed medication and rest', 'Amoxicillin 250mg', 1, '2025-08-15'),
(134, 'Fracture - Wrist', 'Prescribed medication and rest', 'Atorvastatin 10mg', 0, NULL),
(135, 'Eczema', 'Follow-up in 2 weeks', 'Cetirizine 10mg', 0, NULL),
(136, 'Eczema', 'Surgery scheduled', 'Ibuprofen 400mg', 1, '2025-09-29'),
(137, 'Asthma', 'Surgery scheduled', 'Amoxicillin 250mg', 0, NULL),
(138, 'Urinary Tract Infection', 'Referred to specialist', 'Amoxicillin 250mg', 0, NULL),
(139, 'Allergic Rhinitis', 'Vaccination administered', 'ORS + Multivitamins', 1, '2025-10-20'),
(140, 'Eczema', 'Surgery scheduled', 'Metformin 500mg', 0, NULL),
(141, 'Viral Fever', 'Wound dressing done', 'Ibuprofen 400mg', 1, '2026-06-07'),
(143, 'Lower Back Pain', 'Follow-up in 2 weeks', 'Ibuprofen 400mg', 1, '2025-10-31'),
(144, 'Urinary Tract Infection', 'Surgery scheduled', 'Azithromycin 500mg', 0, NULL),
(145, 'Lower Back Pain', 'Medication adjusted', 'Metformin 500mg', 1, '2025-08-03'),
(146, 'Lower Back Pain', 'Follow-up in 2 weeks', 'Azithromycin 500mg', 0, NULL),
(147, 'Conjunctivitis', 'Follow-up in 2 weeks', 'Paracetamol 500mg', 1, '2025-10-14'),
(148, 'Gastroenteritis', 'Follow-up in 2 weeks', 'Cetirizine 10mg', 0, NULL),
(149, 'Hypertension', 'Wound dressing done', 'Metformin 500mg', 0, NULL),
(150, 'Hypertension', 'Dietary changes advised', 'Ibuprofen 400mg', 0, NULL),
(152, 'Type 2 Diabetes', 'Physiotherapy recommended', 'Ibuprofen 400mg', 0, NULL),
(155, 'Migraine', 'Dietary changes advised', 'Cetirizine 10mg', 0, NULL),
(156, 'Eczema', 'Medication adjusted', 'Amoxicillin 250mg', 0, NULL),
(158, 'Common Cold', 'Vaccination administered', 'Vitamin D3 supplements', 0, NULL),
(159, 'Type 2 Diabetes', 'Vaccination administered', 'Vitamin D3 supplements', 0, NULL),
(160, 'Eczema', 'Lab tests ordered', 'Azithromycin 500mg', 1, '2026-03-05'),
(161, 'Conjunctivitis', 'Follow-up in 2 weeks', 'Cetirizine 10mg', 1, '2025-08-13'),
(162, 'Conjunctivitis', 'Prescribed medication and rest', 'Omeprazole 20mg', 1, '2025-08-07'),
(163, 'Hypertension', 'Physiotherapy recommended', 'Ibuprofen 400mg', 1, '2025-11-28'),
(165, 'Type 2 Diabetes', 'Physiotherapy recommended', 'Atorvastatin 10mg', 0, NULL),
(166, 'Hypertension', 'Referred to specialist', 'ORS + Multivitamins', 0, NULL),
(168, 'Gastroenteritis', 'Wound dressing done', 'Paracetamol 500mg', 0, NULL),
(170, 'Allergic Rhinitis', 'Surgery scheduled', 'ORS + Multivitamins', 0, NULL),
(173, 'Type 2 Diabetes', 'Prescribed medication and rest', 'Amoxicillin 250mg', 0, NULL),
(174, 'Fracture - Wrist', 'Vaccination administered', 'Atorvastatin 10mg', 0, NULL),
(175, 'Lower Back Pain', 'Lab tests ordered', 'Omeprazole 20mg', 0, NULL),
(176, 'Migraine', 'Dietary changes advised', 'Amoxicillin 250mg', 1, '2026-06-28'),
(177, 'Anemia', 'Wound dressing done', 'Metformin 500mg', 1, '2025-08-16'),
(179, 'Viral Fever', 'Physiotherapy recommended', 'Omeprazole 20mg', 0, NULL),
(180, 'Allergic Rhinitis', 'Follow-up in 2 weeks', 'Vitamin D3 supplements', 1, '2025-11-24'),
(181, 'Fracture - Wrist', 'Surgery scheduled', 'Omeprazole 20mg', 0, NULL),
(183, 'Acid Reflux', 'Physiotherapy recommended', 'Omeprazole 20mg', 0, NULL),
(184, 'Acid Reflux', 'Wound dressing done', 'Omeprazole 20mg', 1, '2026-01-25'),
(185, 'Viral Fever', 'Surgery scheduled', 'Ibuprofen 400mg', 0, NULL),
(186, 'Eczema', 'Surgery scheduled', 'Vitamin D3 supplements', 1, '2026-01-15'),
(188, 'Acid Reflux', 'Medication adjusted', 'Cetirizine 10mg', 0, NULL),
(189, 'Asthma', 'Prescribed medication and rest', 'Metformin 500mg', 0, NULL),
(190, 'Allergic Rhinitis', 'Physiotherapy recommended', 'Amoxicillin 250mg', 0, NULL),
(191, 'Conjunctivitis', 'Lab tests ordered', 'Azithromycin 500mg', 0, NULL),
(192, 'Asthma', 'Dietary changes advised', 'Atorvastatin 10mg', 1, '2025-12-15'),
(194, 'Urinary Tract Infection', 'Lab tests ordered', 'Azithromycin 500mg', 0, NULL),
(195, 'Allergic Rhinitis', 'Wound dressing done', 'ORS + Multivitamins', 0, NULL),
(196, 'Acid Reflux', 'Medication adjusted', 'Amoxicillin 250mg', 0, NULL),
(198, 'Urinary Tract Infection', 'Prescribed medication and rest', 'Atorvastatin 10mg', 0, NULL),
(199, 'Anemia', 'Follow-up in 2 weeks', 'ORS + Multivitamins', 1, '2026-03-22'),
(201, 'Type 2 Diabetes', 'Surgery scheduled', 'Cetirizine 10mg', 0, NULL),
(203, 'Type 2 Diabetes', 'Prescribed medication and rest', 'Azithromycin 500mg', 1, '2025-08-02'),
(204, 'Viral Fever', 'Dietary changes advised', 'Metformin 500mg', 0, NULL),
(205, 'Migraine', 'Referred to specialist', 'Amoxicillin 250mg', 1, '2026-02-01'),
(207, 'Viral Fever', 'Lab tests ordered', 'Ibuprofen 400mg', 0, NULL),
(208, 'Anemia', 'Wound dressing done', 'Paracetamol 500mg', 0, NULL),
(211, 'Asthma', 'Follow-up in 2 weeks', 'Atorvastatin 10mg', 0, NULL),
(212, 'Hypertension', 'Vaccination administered', 'Metformin 500mg', 1, '2026-04-13'),
(213, 'Asthma', 'Physiotherapy recommended', 'Amoxicillin 250mg', 0, NULL),
(215, 'Hypertension', 'Medication adjusted', 'Atorvastatin 10mg', 0, NULL),
(216, 'Gastroenteritis', 'Vaccination administered', 'Omeprazole 20mg', 0, NULL),
(218, 'Acid Reflux', 'Follow-up in 2 weeks', 'ORS + Multivitamins', 0, NULL),
(219, 'Type 2 Diabetes', 'Medication adjusted', 'Azithromycin 500mg', 1, '2026-03-10'),
(220, 'Allergic Rhinitis', 'Vaccination administered', 'Paracetamol 500mg', 0, NULL),
(221, 'Gastroenteritis', 'Referred to specialist', 'Cetirizine 10mg', 1, '2026-06-07'),
(222, 'Gastroenteritis', 'Medication adjusted', 'Ibuprofen 400mg', 1, '2026-04-15'),
(223, 'Migraine', 'Medication adjusted', 'Vitamin D3 supplements', 0, NULL),
(224, 'Allergic Rhinitis', 'Physiotherapy recommended', 'Cetirizine 10mg', 1, '2026-02-05'),
(225, 'Acid Reflux', 'Referred to specialist', 'Omeprazole 20mg', 0, NULL),
(227, 'Asthma', 'Physiotherapy recommended', 'Cetirizine 10mg', 0, NULL),
(228, 'Gastroenteritis', 'Vaccination administered', 'Vitamin D3 supplements', 0, NULL),
(230, 'Urinary Tract Infection', 'Referred to specialist', 'Paracetamol 500mg', 0, NULL),
(231, 'Type 2 Diabetes', 'Physiotherapy recommended', 'Omeprazole 20mg', 0, NULL),
(232, 'Viral Fever', 'Surgery scheduled', 'Atorvastatin 10mg', 0, NULL),
(235, 'Common Cold', 'Surgery scheduled', 'Cetirizine 10mg', 0, NULL),
(237, 'Fracture - Wrist', 'Prescribed medication and rest', 'Cetirizine 10mg', 1, '2025-10-05'),
(238, 'Gastroenteritis', 'Referred to specialist', 'Cetirizine 10mg', 1, '2026-01-13'),
(240, 'Anemia', 'Vaccination administered', 'Amoxicillin 250mg', 0, NULL),
(241, 'Fracture - Wrist', 'Referred to specialist', 'Vitamin D3 supplements', 0, NULL),
(244, 'Type 2 Diabetes', 'Wound dressing done', 'ORS + Multivitamins', 0, NULL),
(247, 'Eczema', 'Surgery scheduled', 'Omeprazole 20mg', 0, NULL),
(251, 'Lower Back Pain', 'Physiotherapy recommended', 'Omeprazole 20mg', 1, '2026-04-04'),
(252, 'Type 2 Diabetes', 'Follow-up in 2 weeks', 'Cetirizine 10mg', 0, NULL),
(253, 'Allergic Rhinitis', 'Dietary changes advised', 'Cetirizine 10mg', 1, '2026-02-17'),
(254, 'Anemia', 'Prescribed medication and rest', 'Paracetamol 500mg', 0, NULL),
(255, 'Type 2 Diabetes', 'Surgery scheduled', 'ORS + Multivitamins', 0, NULL),
(256, 'Fracture - Wrist', 'Medication adjusted', 'ORS + Multivitamins', 0, NULL),
(257, 'Migraine', 'Medication adjusted', 'Azithromycin 500mg', 0, NULL),
(258, 'Urinary Tract Infection', 'Referred to specialist', 'Vitamin D3 supplements', 1, '2026-05-08'),
(260, 'Migraine', 'Lab tests ordered', 'ORS + Multivitamins', 0, NULL),
(262, 'Hypertension', 'Prescribed medication and rest', 'Atorvastatin 10mg', 0, NULL),
(263, 'Urinary Tract Infection', 'Referred to specialist', 'Atorvastatin 10mg', 0, NULL),
(264, 'Asthma', 'Medication adjusted', 'Omeprazole 20mg', 0, NULL),
(265, 'Acid Reflux', 'Physiotherapy recommended', 'Ibuprofen 400mg', 0, NULL),
(266, 'Allergic Rhinitis', 'Referred to specialist', 'Omeprazole 20mg', 1, '2025-10-06'),
(267, 'Gastroenteritis', 'Medication adjusted', 'Cetirizine 10mg', 1, '2026-05-22'),
(268, 'Gastroenteritis', 'Prescribed medication and rest', 'ORS + Multivitamins', 0, NULL),
(270, 'Eczema', 'Surgery scheduled', 'Paracetamol 500mg', 0, NULL),
(271, 'Migraine', 'Medication adjusted', 'Azithromycin 500mg', 0, NULL),
(273, 'Lower Back Pain', 'Prescribed medication and rest', 'ORS + Multivitamins', 0, NULL),
(274, 'Asthma', 'Dietary changes advised', 'Ibuprofen 400mg', 0, NULL),
(275, 'Fracture - Wrist', 'Lab tests ordered', 'Vitamin D3 supplements', 0, NULL),
(276, 'Allergic Rhinitis', 'Referred to specialist', 'Atorvastatin 10mg', 0, NULL),
(277, 'Type 2 Diabetes', 'Lab tests ordered', 'Metformin 500mg', 1, '2025-10-07'),
(278, 'Type 2 Diabetes', 'Medication adjusted', 'Atorvastatin 10mg', 0, NULL),
(279, 'Type 2 Diabetes', 'Referred to specialist', 'Amoxicillin 250mg', 1, '2025-11-06'),
(280, 'Lower Back Pain', 'Medication adjusted', 'Azithromycin 500mg', 0, NULL),
(281, 'Eczema', 'Referred to specialist', 'Omeprazole 20mg', 0, NULL),
(282, 'Acid Reflux', 'Physiotherapy recommended', 'Vitamin D3 supplements', 1, '2025-09-04'),
(285, 'Asthma', 'Follow-up in 2 weeks', 'ORS + Multivitamins', 1, '2025-08-29'),
(286, 'Anemia', 'Physiotherapy recommended', 'Azithromycin 500mg', 0, NULL),
(287, 'Viral Fever', 'Prescribed medication and rest', 'Metformin 500mg', 1, '2026-06-11'),
(288, 'Eczema', 'Vaccination administered', 'ORS + Multivitamins', 0, NULL),
(290, 'Acid Reflux', 'Surgery scheduled', 'Ibuprofen 400mg', 0, NULL),
(291, 'Type 2 Diabetes', 'Physiotherapy recommended', 'Vitamin D3 supplements', 0, NULL),
(292, 'Type 2 Diabetes', 'Referred to specialist', 'Paracetamol 500mg', 1, '2025-10-21'),
(294, 'Fracture - Wrist', 'Surgery scheduled', 'ORS + Multivitamins', 0, NULL),
(295, 'Acid Reflux', 'Physiotherapy recommended', 'Metformin 500mg', 0, NULL),
(296, 'Allergic Rhinitis', 'Vaccination administered', 'Azithromycin 500mg', 0, NULL),
(297, 'Acid Reflux', 'Vaccination administered', 'Paracetamol 500mg', 1, '2026-04-16'),
(298, 'Lower Back Pain', 'Referred to specialist', 'Paracetamol 500mg', 0, NULL),
(301, 'Conjunctivitis', 'Lab tests ordered', 'Cetirizine 10mg', 1, '2025-12-04'),
(302, 'Allergic Rhinitis', 'Dietary changes advised', 'Cetirizine 10mg', 0, NULL),
(304, 'Eczema', 'Medication adjusted', 'Metformin 500mg', 1, '2025-07-22'),
(305, 'Asthma', 'Medication adjusted', 'Metformin 500mg', 1, '2026-05-20'),
(307, 'Migraine', 'Medication adjusted', 'Vitamin D3 supplements', 0, NULL),
(308, 'Asthma', 'Lab tests ordered', 'Ibuprofen 400mg', 0, NULL),
(309, 'Allergic Rhinitis', 'Surgery scheduled', 'Ibuprofen 400mg', 0, NULL),
(310, 'Acid Reflux', 'Referred to specialist', 'Cetirizine 10mg', 1, '2025-10-26'),
(311, 'Common Cold', 'Dietary changes advised', 'Cetirizine 10mg', 0, NULL),
(315, 'Type 2 Diabetes', 'Dietary changes advised', 'Paracetamol 500mg', 0, NULL),
(316, 'Type 2 Diabetes', 'Physiotherapy recommended', 'Ibuprofen 400mg', 0, NULL),
(317, 'Conjunctivitis', 'Prescribed medication and rest', 'Azithromycin 500mg', 0, NULL),
(319, 'Migraine', 'Lab tests ordered', 'ORS + Multivitamins', 1, '2026-06-10'),
(320, 'Allergic Rhinitis', 'Physiotherapy recommended', 'Paracetamol 500mg', 1, '2025-08-17'),
(321, 'Viral Fever', 'Wound dressing done', 'Azithromycin 500mg', 1, '2026-01-15'),
(322, 'Acid Reflux', 'Surgery scheduled', 'Cetirizine 10mg', 0, NULL),
(324, 'Allergic Rhinitis', 'Prescribed medication and rest', 'Omeprazole 20mg', 0, NULL),
(325, 'Hypertension', 'Lab tests ordered', 'Omeprazole 20mg', 0, NULL),
(327, 'Lower Back Pain', 'Surgery scheduled', 'Azithromycin 500mg', 0, NULL),
(328, 'Hypertension', 'Lab tests ordered', 'ORS + Multivitamins', 1, '2025-06-30'),
(329, 'Conjunctivitis', 'Physiotherapy recommended', 'Vitamin D3 supplements', 1, '2025-11-08'),
(330, 'Conjunctivitis', 'Medication adjusted', 'Atorvastatin 10mg', 0, NULL),
(331, 'Eczema', 'Vaccination administered', 'Omeprazole 20mg', 1, '2026-04-02'),
(332, 'Acid Reflux', 'Dietary changes advised', 'Vitamin D3 supplements', 0, NULL),
(333, 'Common Cold', 'Prescribed medication and rest', 'Amoxicillin 250mg', 0, NULL),
(334, 'Urinary Tract Infection', 'Follow-up in 2 weeks', 'Vitamin D3 supplements', 1, '2026-03-03'),
(337, 'Conjunctivitis', 'Lab tests ordered', 'Amoxicillin 250mg', 0, NULL),
(339, 'Hypertension', 'Medication adjusted', 'Cetirizine 10mg', 0, NULL),
(341, 'Migraine', 'Medication adjusted', 'Vitamin D3 supplements', 1, '2026-01-02'),
(345, 'Urinary Tract Infection', 'Prescribed medication and rest', 'Omeprazole 20mg', 0, NULL),
(346, 'Allergic Rhinitis', 'Referred to specialist', 'Azithromycin 500mg', 0, NULL),
(347, 'Hypertension', 'Prescribed medication and rest', 'Paracetamol 500mg', 0, NULL),
(348, 'Allergic Rhinitis', 'Surgery scheduled', 'Ibuprofen 400mg', 0, NULL),
(349, 'Acid Reflux', 'Follow-up in 2 weeks', 'Omeprazole 20mg', 0, NULL),
(350, 'Hypertension', 'Referred to specialist', 'Ibuprofen 400mg', 1, '2025-10-15'),
(351, 'Viral Fever', 'Wound dressing done', 'Omeprazole 20mg', 0, NULL),
(352, 'Lower Back Pain', 'Wound dressing done', 'Azithromycin 500mg', 0, NULL),
(353, 'Conjunctivitis', 'Surgery scheduled', 'Amoxicillin 250mg', 1, '2026-04-05'),
(354, 'Common Cold', 'Surgery scheduled', 'Amoxicillin 250mg', 0, NULL),
(355, 'Asthma', 'Wound dressing done', 'ORS + Multivitamins', 0, NULL),
(356, 'Type 2 Diabetes', 'Follow-up in 2 weeks', 'Azithromycin 500mg', 0, NULL),
(357, 'Asthma', 'Prescribed medication and rest', 'Metformin 500mg', 0, NULL),
(358, 'Acid Reflux', 'Physiotherapy recommended', 'Azithromycin 500mg', 0, NULL),
(360, 'Hypertension', 'Medication adjusted', 'Ibuprofen 400mg', 1, '2026-04-12'),
(361, 'Anemia', 'Follow-up in 2 weeks', 'ORS + Multivitamins', 1, '2026-03-22'),
(363, 'Urinary Tract Infection', 'Referred to specialist', 'Atorvastatin 10mg', 0, NULL),
(366, 'Lower Back Pain', 'Follow-up in 2 weeks', 'Amoxicillin 250mg', 0, NULL),
(367, 'Lower Back Pain', 'Dietary changes advised', 'Vitamin D3 supplements', 0, NULL),
(369, 'Allergic Rhinitis', 'Vaccination administered', 'Metformin 500mg', 0, NULL),
(370, 'Anemia', 'Follow-up in 2 weeks', 'Paracetamol 500mg', 1, '2026-03-31'),
(372, 'Anemia', 'Wound dressing done', 'Vitamin D3 supplements', 0, NULL),
(373, 'Hypertension', 'Wound dressing done', 'Ibuprofen 400mg', 1, '2026-05-13'),
(374, 'Common Cold', 'Lab tests ordered', 'Cetirizine 10mg', 0, NULL),
(375, 'Viral Fever', 'Vaccination administered', 'Cetirizine 10mg', 1, '2026-05-03'),
(376, 'Conjunctivitis', 'Follow-up in 2 weeks', 'Vitamin D3 supplements', 1, '2026-04-02'),
(377, 'Acid Reflux', 'Referred to specialist', 'Amoxicillin 250mg', 0, NULL),
(379, 'Lower Back Pain', 'Prescribed medication and rest', 'Amoxicillin 250mg', 0, NULL),
(381, 'Common Cold', 'Lab tests ordered', 'Atorvastatin 10mg', 1, '2025-11-14'),
(382, 'Conjunctivitis', 'Follow-up in 2 weeks', 'ORS + Multivitamins', 0, NULL),
(383, 'Gastroenteritis', 'Lab tests ordered', 'Atorvastatin 10mg', 1, '2025-08-26'),
(385, 'Acid Reflux', 'Referred to specialist', 'Ibuprofen 400mg', 0, NULL),
(386, 'Urinary Tract Infection', 'Dietary changes advised', 'Vitamin D3 supplements', 0, NULL),
(387, 'Conjunctivitis', 'Follow-up in 2 weeks', 'ORS + Multivitamins', 0, NULL),
(388, 'Allergic Rhinitis', 'Referred to specialist', 'Vitamin D3 supplements', 1, '2025-09-16'),
(389, 'Fracture - Wrist', 'Prescribed medication and rest', 'Ibuprofen 400mg', 0, NULL),
(390, 'Allergic Rhinitis', 'Medication adjusted', 'Atorvastatin 10mg', 0, NULL),
(391, 'Lower Back Pain', 'Physiotherapy recommended', 'Paracetamol 500mg', 0, NULL),
(392, 'Acid Reflux', 'Surgery scheduled', 'Azithromycin 500mg', 1, '2026-04-20'),
(393, 'Fracture - Wrist', 'Dietary changes advised', 'Amoxicillin 250mg', 0, NULL),
(394, 'Viral Fever', 'Dietary changes advised', 'Vitamin D3 supplements', 0, NULL),
(395, 'Fracture - Wrist', 'Referred to specialist', 'Amoxicillin 250mg', 0, NULL),
(396, 'Common Cold', 'Follow-up in 2 weeks', 'Amoxicillin 250mg', 0, NULL),
(397, 'Acid Reflux', 'Wound dressing done', 'ORS + Multivitamins', 0, NULL),
(399, 'Type 2 Diabetes', 'Wound dressing done', 'Paracetamol 500mg', 0, NULL);

-- Billing
INSERT INTO billing (appointment_id, consultation_fee, medicine_charges, test_charges, payment_status, payment_method, bill_date) VALUES
(1, 400, 38.86, 1200, 'Pending', NULL, '2025-07-31'),
(2, 700, 386.35, 0, 'Paid', 'UPI', '2026-04-17'),
(3, 800, 584.4, 0, 'Paid', 'Card', '2026-03-20'),
(4, 1000, 403.29, 1200, 'Paid', 'UPI', '2025-09-07'),
(6, 800, 218.88, 800, 'Partially Paid', 'Insurance', '2026-03-16'),
(8, 800, 643.84, 0, 'Paid', 'Card', '2025-09-02'),
(9, 800, 674.46, 800, 'Paid', 'UPI', '2025-08-07'),
(11, 500, 160.71, 500, 'Paid', 'UPI', '2025-08-22'),
(12, 500, 785.07, 0, 'Paid', 'Card', '2026-03-24'),
(14, 800, 568.28, 800, 'Paid', 'Insurance', '2026-05-01'),
(17, 400, 539.39, 500, 'Pending', NULL, '2026-03-06'),
(18, 800, 337.91, 0, 'Paid', 'Cash', '2026-03-22'),
(20, 700, 304.7, 0, 'Paid', 'UPI', '2025-10-07'),
(21, 1000, 213.58, 0, 'Partially Paid', 'Card', '2025-10-11'),
(22, 800, 117.14, 0, 'Paid', 'Card', '2025-08-16'),
(23, 500, 163.2, 0, 'Paid', 'Insurance', '2026-03-22'),
(24, 700, 81.98, 300, 'Paid', 'Insurance', '2026-03-19'),
(25, 1200, 190.08, 500, 'Paid', 'Cash', '2025-08-22'),
(27, 700, 741.19, 1200, 'Paid', 'Card', '2025-09-11'),
(30, 600, 772.67, 0, 'Paid', 'Card', '2025-09-16'),
(31, 700, 162.47, 1500, 'Pending', NULL, '2025-12-27'),
(33, 600, 729.19, 800, 'Paid', 'UPI', '2026-01-27'),
(34, 1000, 620.92, 300, 'Paid', 'UPI', '2025-12-17'),
(36, 1000, 786.76, 0, 'Paid', 'UPI', '2025-08-05'),
(37, 800, 588.06, 0, 'Paid', 'Insurance', '2026-05-31'),
(38, 400, 223.29, 500, 'Paid', 'Card', '2025-07-11'),
(41, 1200, 4.52, 1500, 'Paid', 'UPI', '2025-12-21'),
(42, 500, 31.95, 800, 'Paid', 'Card', '2025-11-24'),
(44, 500, 392.44, 800, 'Paid', 'Card', '2026-01-28'),
(45, 1200, 420.32, 0, 'Paid', 'UPI', '2025-08-03'),
(46, 1000, 332.74, 1200, 'Paid', 'UPI', '2025-10-18'),
(47, 1000, 706.72, 800, 'Paid', 'Card', '2025-07-14'),
(50, 400, 174.76, 1500, 'Partially Paid', 'Cash', '2025-08-04'),
(51, 400, 91.78, 800, 'Paid', 'UPI', '2026-05-09'),
(52, 600, 767.12, 800, 'Paid', 'Cash', '2026-01-19'),
(53, 1000, 308.7, 500, 'Paid', 'Card', '2026-02-02'),
(54, 400, 411.45, 1500, 'Paid', 'Card', '2026-04-15'),
(55, 1200, 718.63, 300, 'Paid', 'Cash', '2025-08-05'),
(58, 400, 758.57, 0, 'Partially Paid', 'Cash', '2026-05-10'),
(59, 700, 501.55, 300, 'Paid', 'UPI', '2026-01-06'),
(60, 1200, 691.96, 1200, 'Pending', NULL, '2025-10-13'),
(63, 400, 164.46, 1200, 'Paid', 'Cash', '2025-09-12'),
(65, 1000, 597.51, 0, 'Paid', 'Card', '2026-01-06'),
(66, 400, 30.31, 0, 'Paid', 'Card', '2025-10-05'),
(68, 1000, 446.47, 300, 'Partially Paid', 'Insurance', '2025-08-31'),
(70, 400, 310.43, 1200, 'Paid', 'Cash', '2025-10-01'),
(71, 1200, 311.6, 0, 'Paid', 'Cash', '2026-02-17'),
(73, 400, 604.77, 0, 'Paid', 'Cash', '2025-07-21'),
(75, 400, 286.16, 0, 'Paid', 'Card', '2026-02-04'),
(76, 700, 485.25, 500, 'Paid', 'Insurance', '2026-01-30'),
(77, 400, 305.13, 0, 'Paid', 'UPI', '2025-08-21'),
(79, 600, 109.11, 1200, 'Paid', 'Card', '2026-06-07'),
(80, 600, 768.11, 0, 'Paid', 'Card', '2025-10-26'),
(82, 400, 765.91, 0, 'Paid', 'UPI', '2025-07-01'),
(83, 500, 98.59, 0, 'Paid', 'Insurance', '2026-05-23'),
(84, 600, 429.72, 0, 'Paid', 'Card', '2025-07-17'),
(86, 1200, 169.39, 0, 'Paid', 'UPI', '2026-04-16'),
(87, 700, 493.51, 500, 'Paid', 'UPI', '2025-09-27'),
(88, 1000, 536.78, 0, 'Pending', NULL, '2025-09-06'),
(89, 1200, 745.9, 1500, 'Paid', 'Cash', '2026-01-27'),
(90, 1200, 232.52, 0, 'Paid', 'UPI', '2026-02-14'),
(91, 500, 580.47, 1500, 'Partially Paid', 'Card', '2025-06-26'),
(92, 500, 102.57, 300, 'Paid', 'Cash', '2026-06-02'),
(93, 800, 720.09, 800, 'Paid', 'Card', '2026-01-17'),
(94, 400, 493.07, 500, 'Paid', 'UPI', '2026-02-24'),
(95, 700, 452.44, 800, 'Pending', NULL, '2025-10-12'),
(96, 500, 766.93, 0, 'Paid', 'UPI', '2025-09-19'),
(97, 1200, 628.53, 1200, 'Paid', 'Card', '2026-04-30'),
(99, 1200, 107.44, 800, 'Pending', NULL, '2025-12-11'),
(101, 1000, 370.28, 800, 'Paid', 'Insurance', '2025-08-16'),
(102, 1000, 441.34, 0, 'Paid', 'Cash', '2025-11-26'),
(103, 400, 673.43, 0, 'Pending', NULL, '2025-12-15'),
(104, 400, 157.15, 0, 'Paid', 'Cash', '2025-10-27'),
(106, 500, 679.67, 0, 'Pending', NULL, '2026-05-22'),
(107, 700, 463.12, 300, 'Partially Paid', 'Card', '2025-10-19'),
(109, 400, 434.78, 1500, 'Paid', 'UPI', '2025-10-29'),
(110, 1200, 292.65, 300, 'Pending', NULL, '2025-11-19'),
(111, 1000, 471.68, 500, 'Paid', 'Cash', '2026-04-12'),
(112, 700, 317.43, 0, 'Paid', 'UPI', '2026-01-04'),
(114, 500, 605.76, 0, 'Paid', 'UPI', '2025-09-18'),
(115, 400, 453.09, 0, 'Paid', 'Insurance', '2025-08-02'),
(116, 600, 751.34, 0, 'Paid', 'Insurance', '2025-12-10'),
(118, 1200, 185.4, 500, 'Paid', 'Cash', '2025-07-05'),
(120, 400, 534.87, 800, 'Paid', 'Insurance', '2026-05-23'),
(121, 400, 705.24, 0, 'Partially Paid', 'Card', '2025-11-27'),
(123, 500, 82.58, 500, 'Pending', NULL, '2026-06-07'),
(124, 1000, 210.65, 0, 'Paid', 'Insurance', '2026-05-03'),
(127, 1000, 292.24, 0, 'Paid', 'Insurance', '2025-08-29'),
(128, 500, 778.14, 300, 'Paid', 'Card', '2025-08-17'),
(130, 500, 653.79, 800, 'Paid', 'Insurance', '2025-12-16'),
(131, 600, 709.74, 0, 'Paid', 'UPI', '2026-05-29'),
(133, 500, 351.92, 300, 'Paid', 'Card', '2025-07-20'),
(134, 600, 169.21, 0, 'Paid', 'Cash', '2025-11-17'),
(135, 700, 528.89, 1200, 'Pending', NULL, '2025-12-13'),
(136, 500, 576.2, 1500, 'Paid', 'Insurance', '2025-09-18'),
(137, 500, 168.56, 0, 'Paid', 'Insurance', '2026-02-01'),
(138, 1000, 17.96, 0, 'Paid', 'UPI', '2025-07-04'),
(139, 800, 107.78, 0, 'Pending', NULL, '2025-10-04'),
(140, 1200, 117.49, 0, 'Paid', 'UPI', '2026-02-06'),
(141, 1000, 413.31, 1200, 'Paid', 'Cash', '2026-05-14'),
(143, 800, 702.81, 500, 'Partially Paid', 'UPI', '2025-10-06'),
(144, 400, 359.36, 1500, 'Pending', NULL, '2025-06-18'),
(145, 600, 136.45, 1200, 'Paid', 'UPI', '2025-07-27'),
(146, 600, 498.57, 500, 'Paid', 'Card', '2025-08-07'),
(147, 1200, 737.88, 0, 'Paid', 'Insurance', '2025-09-27'),
(148, 600, 105.77, 0, 'Paid', 'Insurance', '2025-11-06'),
(149, 400, 661.21, 0, 'Paid', 'Cash', '2025-11-21'),
(150, 600, 702.2, 0, 'Paid', 'UPI', '2025-07-02'),
(152, 600, 721.59, 0, 'Pending', NULL, '2026-01-23'),
(155, 1000, 619.9, 1200, 'Paid', 'Card', '2025-11-14'),
(156, 1000, 699.86, 1200, 'Paid', 'Insurance', '2025-12-10'),
(158, 700, 631.64, 1200, 'Paid', 'Cash', '2026-05-07'),
(159, 400, 340.39, 500, 'Paid', 'UPI', '2026-02-16'),
(160, 400, 728.07, 0, 'Paid', 'Insurance', '2026-02-11'),
(161, 1000, 206.24, 0, 'Paid', 'Cash', '2025-08-04'),
(162, 1200, 462.39, 0, 'Paid', 'Insurance', '2025-07-23'),
(163, 1000, 523.64, 800, 'Paid', 'Cash', '2025-11-09'),
(165, 1000, 123.82, 500, 'Paid', 'Insurance', '2026-01-21'),
(166, 1200, 451.74, 500, 'Partially Paid', 'Insurance', '2025-11-06'),
(168, 1000, 603.98, 1200, 'Paid', 'Insurance', '2026-02-08'),
(170, 600, 142.98, 1500, 'Paid', 'Card', '2025-06-30'),
(173, 700, 462.12, 1200, 'Paid', 'Cash', '2026-04-29'),
(174, 700, 598.25, 1500, 'Paid', 'UPI', '2026-01-06'),
(175, 400, 80.22, 1200, 'Paid', 'Cash', '2025-08-12'),
(176, 1200, 128.59, 0, 'Pending', NULL, '2026-06-03'),
(177, 400, 658.6, 1500, 'Partially Paid', 'Insurance', '2025-08-09'),
(179, 500, 70.51, 500, 'Paid', 'Cash', '2025-10-19'),
(180, 400, 487.22, 1200, 'Partially Paid', 'Insurance', '2025-11-17'),
(181, 400, 491.17, 500, 'Paid', 'Cash', '2026-02-14'),
(183, 500, 756.57, 0, 'Paid', 'Insurance', '2026-02-05'),
(184, 400, 8.57, 500, 'Paid', 'UPI', '2026-01-01'),
(185, 700, 492.15, 0, 'Paid', 'Cash', '2026-01-02'),
(186, 400, 780.52, 0, 'Partially Paid', 'Insurance', '2025-12-25'),
(188, 1200, 282.5, 1200, 'Paid', 'UPI', '2025-12-20'),
(189, 400, 414.19, 0, 'Partially Paid', 'Card', '2025-06-21'),
(190, 1000, 580.91, 800, 'Paid', 'Card', '2025-10-24'),
(191, 1000, 181.04, 300, 'Paid', 'Insurance', '2025-07-28'),
(192, 800, 459.93, 500, 'Paid', 'Cash', '2025-11-26'),
(194, 600, 446.9, 500, 'Paid', 'Cash', '2026-06-05'),
(195, 400, 642.35, 500, 'Pending', NULL, '2026-05-26'),
(196, 1000, 650.52, 500, 'Paid', 'Insurance', '2026-02-19'),
(198, 400, 450.53, 300, 'Paid', 'Insurance', '2025-09-28'),
(199, 500, 545.28, 0, 'Paid', 'Card', '2026-03-01'),
(201, 500, 54.04, 300, 'Paid', 'UPI', '2026-01-30'),
(203, 400, 640.13, 1200, 'Partially Paid', 'Cash', '2025-07-05'),
(204, 800, 560.65, 500, 'Paid', 'Cash', '2025-12-22'),
(205, 700, 319.14, 800, 'Paid', 'UPI', '2026-01-08'),
(207, 700, 381.24, 800, 'Paid', 'Card', '2026-04-17'),
(208, 500, 146.23, 300, 'Paid', 'UPI', '2025-11-12'),
(211, 600, 187.89, 300, 'Pending', NULL, '2026-01-27'),
(212, 700, 165.42, 300, 'Pending', NULL, '2026-03-19'),
(213, 600, 669.07, 800, 'Paid', 'Cash', '2025-08-29'),
(215, 500, 95.9, 0, 'Paid', 'Insurance', '2025-11-27'),
(216, 1200, 491.06, 0, 'Pending', NULL, '2025-11-25'),
(218, 1000, 296.96, 800, 'Paid', 'Card', '2025-12-30'),
(219, 1000, 392.64, 500, 'Paid', 'UPI', '2026-02-12'),
(220, 600, 43.32, 1200, 'Paid', 'Cash', '2025-12-18'),
(221, 700, 401.98, 1200, 'Pending', NULL, '2026-05-16'),
(222, 500, 620.72, 1500, 'Partially Paid', 'Insurance', '2026-03-30'),
(223, 1200, 252.52, 0, 'Paid', 'UPI', '2026-03-21'),
(224, 400, 303.54, 0, 'Paid', 'Card', '2026-01-06'),
(225, 800, 149.72, 500, 'Paid', 'Insurance', '2026-01-23'),
(227, 400, 766.82, 800, 'Paid', 'Insurance', '2025-12-21'),
(228, 600, 339.15, 1200, 'Paid', 'Card', '2025-11-11'),
(230, 400, 292.06, 1200, 'Paid', 'UPI', '2025-12-14'),
(231, 600, 457.13, 300, 'Pending', NULL, '2026-01-12'),
(232, 600, 576.65, 300, 'Paid', 'Insurance', '2026-01-17'),
(235, 1200, 156.85, 0, 'Paid', 'Cash', '2026-03-11'),
(237, 1000, 141.29, 1500, 'Paid', 'Card', '2025-09-27'),
(238, 1000, 628.27, 500, 'Paid', 'Cash', '2025-12-23'),
(240, 400, 318.72, 0, 'Paid', 'Card', '2025-10-03'),
(241, 400, 381.23, 0, 'Paid', 'Card', '2025-10-11'),
(244, 800, 207.82, 800, 'Paid', 'Card', '2026-04-16'),
(247, 600, 275.31, 1200, 'Paid', 'UPI', '2025-12-25'),
(251, 800, 461.48, 0, 'Partially Paid', 'Card', '2026-03-27'),
(252, 700, 284.09, 1500, 'Paid', 'Insurance', '2025-10-06'),
(253, 400, 711.71, 1200, 'Paid', 'Insurance', '2026-01-28'),
(254, 500, 505.37, 0, 'Pending', NULL, '2026-01-16'),
(255, 800, 512.46, 800, 'Paid', 'Insurance', '2026-06-04'),
(256, 600, 679.12, 0, 'Paid', 'Card', '2025-11-18'),
(257, 800, 182.57, 800, 'Paid', 'Card', '2025-10-29'),
(258, 1000, 484.31, 1200, 'Paid', 'Insurance', '2026-04-17'),
(260, 400, 624.78, 800, 'Paid', 'Insurance', '2025-07-01'),
(262, 700, 331.19, 0, 'Pending', NULL, '2025-07-16'),
(263, 600, 100.03, 300, 'Paid', 'Cash', '2026-06-15'),
(264, 700, 168.46, 1200, 'Paid', 'Cash', '2026-03-01'),
(265, 600, 749.43, 1500, 'Paid', 'Cash', '2026-04-06'),
(266, 700, 616.75, 0, 'Paid', 'UPI', '2025-09-07'),
(267, 600, 67.45, 1200, 'Paid', 'UPI', '2026-05-08'),
(268, 500, 590.07, 1500, 'Paid', 'UPI', '2025-09-30'),
(270, 700, 421.39, 0, 'Paid', 'Card', '2025-09-30'),
(271, 1000, 688.3, 800, 'Pending', NULL, '2025-07-28'),
(273, 800, 373.75, 500, 'Paid', 'UPI', '2025-09-17'),
(274, 400, 775.63, 0, 'Paid', 'Insurance', '2025-07-05'),
(275, 600, 504.84, 1200, 'Paid', 'Card', '2026-06-08'),
(276, 400, 727.14, 1500, 'Paid', 'Cash', '2025-09-12'),
(277, 400, 353.49, 800, 'Paid', 'UPI', '2025-09-15'),
(278, 600, 242.86, 0, 'Paid', 'UPI', '2025-07-24'),
(279, 500, 275.11, 1500, 'Paid', 'Insurance', '2025-10-23'),
(280, 400, 757.57, 1500, 'Paid', 'Insurance', '2025-12-19'),
(281, 400, 638.37, 300, 'Paid', 'Card', '2026-03-11'),
(282, 700, 150.86, 1200, 'Paid', 'UPI', '2025-08-08'),
(285, 600, 571.95, 1200, 'Pending', NULL, '2025-08-16'),
(286, 400, 176.47, 0, 'Paid', 'UPI', '2026-02-28'),
(287, 1000, 413.29, 500, 'Paid', 'Card', '2026-05-29'),
(288, 500, 330.32, 0, 'Paid', 'Card', '2025-12-20'),
(290, 1200, 88.29, 1500, 'Paid', 'Card', '2026-04-10'),
(291, 500, 560.38, 1500, 'Paid', 'Cash', '2025-10-06'),
(292, 800, 121.72, 0, 'Paid', 'Cash', '2025-10-06'),
(294, 700, 225.69, 0, 'Paid', 'Cash', '2026-04-15'),
(295, 600, 186.25, 0, 'Paid', 'UPI', '2026-02-28'),
(296, 700, 273.53, 500, 'Paid', 'Insurance', '2025-09-14'),
(297, 500, 798.37, 1500, 'Paid', 'Cash', '2026-04-03'),
(298, 400, 264.2, 0, 'Paid', 'Insurance', '2026-05-17'),
(301, 1000, 57.11, 1500, 'Paid', 'Card', '2025-11-27'),
(302, 400, 653.8, 0, 'Paid', 'UPI', '2026-05-12'),
(304, 600, 307.84, 1500, 'Paid', 'Cash', '2025-06-29'),
(305, 400, 159.34, 0, 'Paid', 'UPI', '2026-05-12'),
(307, 500, 378.26, 500, 'Partially Paid', 'UPI', '2025-08-27'),
(308, 800, 503.33, 0, 'Paid', 'Cash', '2026-04-07'),
(309, 600, 202.65, 500, 'Paid', 'Cash', '2026-05-26'),
(310, 500, 690.93, 300, 'Partially Paid', 'UPI', '2025-10-07'),
(311, 1000, 506.33, 800, 'Paid', 'Card', '2025-06-29'),
(315, 800, 467.76, 1200, 'Paid', 'Cash', '2025-10-25'),
(316, 1200, 775.07, 1500, 'Paid', 'UPI', '2025-12-11'),
(317, 500, 297.12, 0, 'Paid', 'Insurance', '2026-02-23'),
(319, 400, 73.12, 800, 'Partially Paid', 'Cash', '2026-06-02'),
(320, 700, 47.82, 0, 'Paid', 'Cash', '2025-08-07'),
(321, 500, 100.66, 300, 'Paid', 'Card', '2025-12-31'),
(322, 1000, 644.42, 1500, 'Paid', 'Cash', '2025-10-01'),
(324, 500, 551.4, 800, 'Paid', 'Card', '2025-10-23'),
(325, 600, 718.93, 1500, 'Paid', 'Card', '2026-03-31'),
(327, 700, 434.19, 1500, 'Paid', 'UPI', '2026-03-26'),
(328, 1200, 434.9, 800, 'Paid', 'Card', '2025-06-20'),
(329, 500, 694.13, 0, 'Paid', 'UPI', '2025-10-26'),
(330, 700, 359.51, 500, 'Paid', 'Insurance', '2025-10-09'),
(331, 1000, 0.58, 1200, 'Paid', 'Cash', '2026-03-09'),
(332, 600, 495.79, 800, 'Paid', 'UPI', '2025-08-30'),
(333, 400, 256.56, 0, 'Paid', 'Insurance', '2026-02-11'),
(334, 800, 151.9, 1500, 'Paid', 'UPI', '2026-02-22'),
(337, 1000, 490.43, 800, 'Paid', 'Card', '2025-10-22'),
(339, 700, 88.37, 0, 'Paid', 'UPI', '2025-07-22'),
(341, 500, 142.91, 0, 'Paid', 'Insurance', '2025-12-21'),
(345, 1000, 153.29, 0, 'Paid', 'Insurance', '2025-12-08'),
(346, 600, 526.34, 500, 'Paid', 'UPI', '2025-09-28'),
(347, 1000, 484.76, 0, 'Paid', 'UPI', '2025-10-23'),
(348, 500, 524.6, 0, 'Paid', 'Cash', '2026-01-31'),
(349, 400, 288.74, 1200, 'Pending', NULL, '2026-01-27'),
(350, 600, 635.4, 0, 'Pending', NULL, '2025-09-26'),
(351, 400, 212.65, 0, 'Paid', 'Card', '2025-11-04'),
(352, 700, 62.35, 300, 'Partially Paid', 'Cash', '2025-09-16'),
(353, 400, 80.98, 300, 'Paid', 'UPI', '2026-03-06'),
(354, 700, 154.5, 300, 'Paid', 'UPI', '2025-12-16'),
(355, 400, 446.74, 1200, 'Paid', 'Card', '2025-08-17'),
(356, 1200, 539.59, 1200, 'Pending', NULL, '2026-03-13'),
(357, 1000, 133.45, 0, 'Paid', 'Card', '2026-06-15'),
(358, 400, 526.03, 1500, 'Partially Paid', 'Card', '2026-06-01'),
(360, 1200, 440.07, 800, 'Pending', NULL, '2026-03-15'),
(361, 400, 329.87, 1200, 'Pending', NULL, '2026-02-22'),
(363, 400, 258.76, 300, 'Paid', 'UPI', '2025-11-07'),
(366, 700, 300.05, 500, 'Paid', 'Insurance', '2025-12-21'),
(367, 600, 358.0, 1200, 'Paid', 'Cash', '2025-12-12'),
(369, 800, 786.37, 0, 'Paid', 'Card', '2025-11-09'),
(370, 600, 5.26, 300, 'Paid', 'Card', '2026-03-19'),
(372, 400, 17.36, 500, 'Partially Paid', 'UPI', '2026-04-10'),
(373, 800, 75.43, 1500, 'Paid', 'UPI', '2026-04-28'),
(374, 600, 211.99, 300, 'Paid', 'Card', '2026-05-07'),
(375, 400, 73.52, 1200, 'Paid', 'UPI', '2026-04-12'),
(376, 400, 587.41, 800, 'Paid', 'UPI', '2026-03-11'),
(377, 400, 390.62, 0, 'Paid', 'Card', '2026-02-05'),
(379, 600, 29.9, 1200, 'Paid', 'Cash', '2026-01-09'),
(381, 1200, 737.5, 800, 'Paid', 'Insurance', '2025-11-05'),
(382, 500, 333.22, 0, 'Pending', NULL, '2026-06-13'),
(383, 600, 181.37, 0, 'Paid', 'Insurance', '2025-07-29'),
(385, 700, 43.3, 0, 'Paid', 'UPI', '2026-06-07'),
(386, 500, 261.47, 300, 'Paid', 'Insurance', '2025-09-03'),
(387, 1200, 776.83, 0, 'Paid', 'Card', '2026-01-13'),
(388, 400, 629.09, 0, 'Paid', 'Cash', '2025-08-19'),
(389, 400, 380.68, 0, 'Paid', 'Card', '2026-05-19'),
(390, 500, 68.06, 1200, 'Paid', 'UPI', '2025-12-06'),
(391, 600, 609.63, 1500, 'Paid', 'Insurance', '2026-03-11'),
(392, 700, 316.26, 300, 'Paid', 'UPI', '2026-03-25'),
(393, 1000, 193.85, 500, 'Paid', 'Card', '2025-12-25'),
(394, 1000, 547.79, 0, 'Paid', 'Insurance', '2026-06-05'),
(395, 500, 338.83, 800, 'Paid', 'Card', '2025-12-08'),
(396, 1000, 475.1, 0, 'Paid', 'UPI', '2025-07-07'),
(397, 500, 790.12, 1500, 'Paid', 'Insurance', '2025-08-06'),
(399, 400, 35.9, 300, 'Paid', 'Card', '2026-01-24');
